sale_id,customer_id,country,product_id,product_name,category,quantity,unit_price,discount,amount,event_ts
1,40,BE,104,Mouse,Accessories,3,49.0,0.05,139.65,2026-06-13T18:28:00+00:00
2,67,IT,104,Mouse,Accessories,1,49.0,0.0,49.0,2026-02-10T21:43:00+00:00
3,9,BE,103,Keyboard,Accessories,1,79.0,0.1,71.1,2026-04-11T20:07:00+00:00
4,30,FR,105,Dock USB-C,Accessories,2,159.0,0.0,318.0,2026-01-13T22:10:00+00:00
5,91,FR,106,Webcam HD,Accessories,1,99.0,0.0,99.0,2026-01-13T06:28:00+00:00
6,5,ES,107,Server Mini,Servers,3,2199.0,0.0,6597.0,2026-04-04T14:22:00+00:00
7,31,BE,103,Keyboard,Accessories,4,79.0,0.0,316.0,2026-04-09T03:56:00+00:00
8,17,DE,106,Webcam HD,Accessories,5,99.0,0.1,445.5,2026-03-28T01:07:00+00:00
9,32,FR,107,Server Mini,Servers,4,2199.0,0.05,8356.2,2026-02-04T15:54:00+00:00
10,13,BE,101,Laptop Pro,Computers,4,1299.0,0.0,5196.0,2026-03-19T02:38:00+00:00
11,53,DE,104,Mouse,Accessories,1,49.0,0.0,49.0,2026-01-12T00:49:00+00:00
12,52,IT,106,Webcam HD,Accessories,3,99.0,0.0,297.0,2026-02-15T06:23:00+00:00
13,25,FR,102,Monitor 27,Displays,5,349.0,0.05,1657.75,2026-01-26T12:27:00+00:00
14,55,ES,102,Monitor 27,Displays,3,349.0,0.05,994.65,2026-02-15T11:25:00+00:00
15,10,ES,104,Mouse,Accessories,5,49.0,0.0,245.0,2026-01-10T05:01:00+00:00
16,84,ES,105,Dock USB-C,Accessories,1,159.0,0.0,159.0,2026-06-18T15:21:00+00:00
17,97,ES,107,Server Mini,Servers,2,2199.0,0.0,4398.0,2026-03-15T23:39:00+00:00
18,63,BE,104,Mouse,Accessories,2,49.0,0.05,93.1,2026-06-14T06:49:00+00:00
19,8,FR,102,Monitor 27,Displays,4,349.0,0.0,1396.0,2026-03-13T01:46:00+00:00
20,34,DE,107,Server Mini,Servers,4,2199.0,0.0,8796.0,2026-03-19T00:08:00+00:00
21,90,BE,106,Webcam HD,Accessories,5,99.0,0.05,470.25,2026-01-29T04:19:00+00:00
22,25,FR,103,Keyboard,Accessories,2,79.0,0.0,158.0,2026-04-16T10:28:00+00:00
23,95,IT,105,Dock USB-C,Accessories,1,159.0,0.0,159.0,2026-01-11T09:45:00+00:00
24,7,FR,105,Dock USB-C,Accessories,4,159.0,0.1,572.4,2026-06-17T08:51:00+00:00
25,68,IT,102,Monitor 27,Displays,1,349.0,0.1,314.1,2026-01-15T14:00:00+00:00
26,24,IT,101,Laptop Pro,Computers,5,1299.0,0.0,6495.0,2026-05-03T22:02:00+00:00
27,31,BE,104,Mouse,Accessories,1,49.0,0.1,44.1,2026-02-14T19:43:00+00:00
28,75,BE,105,Dock USB-C,Accessories,1,159.0,0.1,143.1,2026-01-15T22:11:00+00:00
29,54,BE,106,Webcam HD,Accessories,5,99.0,0.1,445.5,2026-04-06T04:04:00+00:00
30,41,BE,103,Keyboard,Accessories,2,79.0,0.0,158.0,2026-02-13T10:50:00+00:00
31,34,DE,104,Mouse,Accessories,2,49.0,0.0,98.0,2026-03-25T05:38:00+00:00
32,41,BE,107,Server Mini,Servers,1,2199.0,0.0,2199.0,2026-03-25T10:16:00+00:00
33,80,DE,105,Dock USB-C,Accessories,1,159.0,0.0,159.0,2026-04-08T20:57:00+00:00
34,28,ES,105,Dock USB-C,Accessories,3,159.0,0.0,477.0,2026-06-19T21:28:00+00:00
35,45,DE,101,Laptop Pro,Computers,2,1299.0,0.0,2598.0,2026-02-21T21:07:00+00:00
36,21,DE,104,Mouse,Accessories,5,49.0,0.0,245.0,2026-04-22T08:27:00+00:00
37,84,ES,105,Dock USB-C,Accessories,1,159.0,0.1,143.1,2026-02-24T12:00:00+00:00
38,85,FR,101,Laptop Pro,Computers,2,1299.0,0.0,2598.0,2026-01-22T00:18:00+00:00
39,14,ES,106,Webcam HD,Accessories,5,99.0,0.0,495.0,2026-02-19T13:54:00+00:00
40,37,BE,105,Dock USB-C,Accessories,2,159.0,0.0,318.0,2026-02-07T01:31:00+00:00
41,88,DE,106,Webcam HD,Accessories,3,99.0,0.1,267.3,2026-03-30T22:25:00+00:00
42,33,FR,107,Server Mini,Servers,1,2199.0,0.0,2199.0,2026-04-26T11:13:00+00:00
43,55,ES,107,Server Mini,Servers,3,2199.0,0.0,6597.0,2026-01-01T15:29:00+00:00
44,43,DE,107,Server Mini,Servers,2,2199.0,0.0,4398.0,2026-01-30T09:57:00+00:00
45,95,IT,104,Mouse,Accessories,5,49.0,0.05,232.75,2026-04-13T02:38:00+00:00
46,2,DE,101,Laptop Pro,Computers,1,1299.0,0.0,1299.0,2026-04-10T07:43:00+00:00
47,5,ES,107,Server Mini,Servers,3,2199.0,0.1,5937.3,2026-04-11T14:01:00+00:00
48,19,FR,104,Mouse,Accessories,2,49.0,0.0,98.0,2026-02-26T02:48:00+00:00
49,47,DE,107,Server Mini,Servers,1,2199.0,0.0,2199.0,2026-02-08T05:50:00+00:00
50,88,DE,102,Monitor 27,Displays,1,349.0,0.0,349.0,2026-05-23T00:22:00+00:00
51,72,ES,107,Server Mini,Servers,4,2199.0,0.1,7916.4,2026-05-17T10:31:00+00:00
52,20,IT,102,Monitor 27,Displays,2,349.0,0.0,698.0,2026-06-10T10:57:00+00:00
53,53,DE,101,Laptop Pro,Computers,2,1299.0,0.0,2598.0,2026-05-23T10:17:00+00:00
54,53,DE,107,Server Mini,Servers,2,2199.0,0.0,4398.0,2026-01-29T23:32:00+00:00
55,90,BE,101,Laptop Pro,Computers,4,1299.0,0.0,5196.0,2026-06-06T07:15:00+00:00
56,61,IT,102,Monitor 27,Displays,2,349.0,0.05,663.1,2026-03-05T15:40:00+00:00
57,40,BE,107,Server Mini,Servers,2,2199.0,0.0,4398.0,2026-01-05T07:23:00+00:00
58,85,FR,102,Monitor 27,Displays,4,349.0,0.0,1396.0,2026-02-20T17:14:00+00:00
59,9,BE,107,Server Mini,Servers,3,2199.0,0.0,6597.0,2026-04-27T18:40:00+00:00
60,66,FR,104,Mouse,Accessories,5,49.0,0.0,245.0,2026-06-20T23:35:00+00:00
61,4,FR,101,Laptop Pro,Computers,3,1299.0,0.0,3897.0,2026-04-16T16:38:00+00:00
62,34,DE,101,Laptop Pro,Computers,1,1299.0,0.1,1169.1,2026-03-21T02:38:00+00:00
63,45,DE,106,Webcam HD,Accessories,3,99.0,0.05,282.15,2026-04-21T08:34:00+00:00
64,66,FR,101,Laptop Pro,Computers,4,1299.0,0.1,4676.4,2026-02-04T14:28:00+00:00
65,33,FR,101,Laptop Pro,Computers,4,1299.0,0.0,5196.0,2026-04-05T15:33:00+00:00
66,69,DE,106,Webcam HD,Accessories,2,99.0,0.0,198.0,2026-03-20T12:22:00+00:00
67,9,BE,106,Webcam HD,Accessories,3,99.0,0.1,267.3,2026-02-27T03:31:00+00:00
68,85,FR,107,Server Mini,Servers,1,2199.0,0.0,2199.0,2026-04-03T07:39:00+00:00
69,40,BE,106,Webcam HD,Accessories,4,99.0,0.0,396.0,2026-03-15T06:06:00+00:00
70,90,BE,103,Keyboard,Accessories,5,79.0,0.0,395.0,2026-02-04T22:09:00+00:00
71,54,BE,106,Webcam HD,Accessories,4,99.0,0.0,396.0,2026-04-23T01:13:00+00:00
72,73,DE,103,Keyboard,Accessories,4,79.0,0.1,284.4,2026-06-01T18:36:00+00:00
73,1,FR,103,Keyboard,Accessories,3,79.0,0.0,237.0,2026-03-20T06:12:00+00:00
74,75,BE,105,Dock USB-C,Accessories,3,159.0,0.05,453.15,2026-03-22T10:11:00+00:00
75,57,ES,106,Webcam HD,Accessories,2,99.0,0.1,178.2,2026-03-28T03:22:00+00:00
76,95,IT,102,Monitor 27,Displays,1,349.0,0.0,349.0,2026-04-04T20:02:00+00:00
77,85,FR,106,Webcam HD,Accessories,5,99.0,0.0,495.0,2026-01-18T00:00:00+00:00
78,97,ES,102,Monitor 27,Displays,3,349.0,0.0,1047.0,2026-05-27T19:55:00+00:00
79,26,FR,102,Monitor 27,Displays,1,349.0,0.0,349.0,2026-02-14T13:44:00+00:00
80,61,IT,105,Dock USB-C,Accessories,1,159.0,0.05,151.05,2026-03-17T10:43:00+00:00
81,81,ES,105,Dock USB-C,Accessories,2,159.0,0.05,302.1,2026-03-31T23:58:00+00:00
82,52,IT,102,Monitor 27,Displays,2,349.0,0.0,698.0,2026-06-12T12:05:00+00:00
83,97,ES,107,Server Mini,Servers,1,2199.0,0.05,2089.05,2026-02-09T20:07:00+00:00
84,23,FR,107,Server Mini,Servers,5,2199.0,0.05,10445.25,2026-01-10T03:24:00+00:00
85,72,ES,102,Monitor 27,Displays,1,349.0,0.05,331.55,2026-01-25T06:34:00+00:00
86,60,BE,106,Webcam HD,Accessories,5,99.0,0.1,445.5,2026-04-19T09:34:00+00:00
87,41,BE,107,Server Mini,Servers,4,2199.0,0.1,7916.4,2026-05-29T08:49:00+00:00
88,93,ES,105,Dock USB-C,Accessories,4,159.0,0.1,572.4,2026-03-23T04:13:00+00:00
89,21,DE,106,Webcam HD,Accessories,4,99.0,0.05,376.2,2026-02-17T04:25:00+00:00
90,97,ES,102,Monitor 27,Displays,3,349.0,0.1,942.3,2026-03-30T05:14:00+00:00
91,81,ES,102,Monitor 27,Displays,3,349.0,0.05,994.65,2026-01-15T02:31:00+00:00
92,92,IT,103,Keyboard,Accessories,2,79.0,0.0,158.0,2026-03-03T03:20:00+00:00
93,41,BE,105,Dock USB-C,Accessories,1,159.0,0.0,159.0,2026-01-28T10:59:00+00:00
94,30,FR,104,Mouse,Accessories,2,49.0,0.0,98.0,2026-01-12T16:37:00+00:00
95,54,BE,104,Mouse,Accessories,3,49.0,0.1,132.3,2026-03-26T19:39:00+00:00
96,54,BE,101,Laptop Pro,Computers,2,1299.0,0.05,2468.1,2026-03-12T21:39:00+00:00
97,99,ES,105,Dock USB-C,Accessories,1,159.0,0.1,143.1,2026-03-11T05:54:00+00:00
98,62,FR,101,Laptop Pro,Computers,3,1299.0,0.0,3897.0,2026-05-18T03:58:00+00:00
99,50,DE,107,Server Mini,Servers,4,2199.0,0.1,7916.4,2026-05-17T01:56:00+00:00
100,95,IT,105,Dock USB-C,Accessories,5,159.0,0.0,795.0,2026-03-30T21:06:00+00:00
101,29,ES,103,Keyboard,Accessories,4,79.0,0.05,300.2,2026-01-06T06:48:00+00:00
102,50,DE,103,Keyboard,Accessories,4,79.0,0.0,316.0,2026-06-03T00:13:00+00:00
103,60,BE,102,Monitor 27,Displays,5,349.0,0.1,1570.5,2026-01-05T21:49:00+00:00
104,51,IT,105,Dock USB-C,Accessories,5,159.0,0.0,795.0,2026-01-16T06:46:00+00:00
105,83,DE,104,Mouse,Accessories,2,49.0,0.05,93.1,2026-02-03T01:59:00+00:00
106,7,FR,103,Keyboard,Accessories,4,79.0,0.0,316.0,2026-02-08T12:45:00+00:00
107,59,DE,103,Keyboard,Accessories,3,79.0,0.05,225.15,2026-02-20T15:43:00+00:00
108,97,ES,107,Server Mini,Servers,4,2199.0,0.0,8796.0,2026-06-01T23:46:00+00:00
109,11,ES,104,Mouse,Accessories,1,49.0,0.1,44.1,2026-01-10T11:33:00+00:00
110,45,DE,102,Monitor 27,Displays,1,349.0,0.0,349.0,2026-05-18T07:17:00+00:00
111,4,FR,102,Monitor 27,Displays,2,349.0,0.0,698.0,2026-04-24T02:39:00+00:00
112,20,IT,102,Monitor 27,Displays,2,349.0,0.05,663.1,2026-05-02T20:54:00+00:00
113,15,FR,105,Dock USB-C,Accessories,2,159.0,0.05,302.1,2026-05-08T08:00:00+00:00
114,33,FR,107,Server Mini,Servers,3,2199.0,0.0,6597.0,2026-04-21T07:11:00+00:00
115,78,BE,106,Webcam HD,Accessories,1,99.0,0.0,99.0,2026-02-26T14:56:00+00:00
116,14,ES,105,Dock USB-C,Accessories,1,159.0,0.0,159.0,2026-04-15T19:41:00+00:00
117,87,FR,104,Mouse,Accessories,4,49.0,0.0,196.0,2026-01-14T20:02:00+00:00
118,76,FR,106,Webcam HD,Accessories,2,99.0,0.0,198.0,2026-05-07T22:04:00+00:00
119,99,ES,103,Keyboard,Accessories,5,79.0,0.0,395.0,2026-05-25T22:46:00+00:00
120,73,DE,107,Server Mini,Servers,1,2199.0,0.0,2199.0,2026-04-07T23:35:00+00:00
121,55,ES,106,Webcam HD,Accessories,3,99.0,0.0,297.0,2026-04-03T02:34:00+00:00
122,83,DE,103,Keyboard,Accessories,1,79.0,0.05,75.05,2026-05-30T16:49:00+00:00
123,63,BE,101,Laptop Pro,Computers,4,1299.0,0.0,5196.0,2026-04-26T16:54:00+00:00
124,59,DE,106,Webcam HD,Accessories,2,99.0,0.05,188.1,2026-02-02T01:33:00+00:00
125,94,BE,105,Dock USB-C,Accessories,3,159.0,0.1,429.3,2026-05-28T03:04:00+00:00
126,69,DE,107,Server Mini,Servers,4,2199.0,0.05,8356.2,2026-03-21T07:03:00+00:00
127,94,BE,105,Dock USB-C,Accessories,3,159.0,0.0,477.0,2026-06-05T01:11:00+00:00
128,32,FR,107,Server Mini,Servers,1,2199.0,0.0,2199.0,2026-06-10T11:54:00+00:00
129,58,ES,102,Monitor 27,Displays,4,349.0,0.1,1256.4,2026-04-22T02:34:00+00:00
130,86,DE,104,Mouse,Accessories,3,49.0,0.0,147.0,2026-03-31T23:39:00+00:00
131,42,IT,102,Monitor 27,Displays,4,349.0,0.0,1396.0,2026-03-06T14:15:00+00:00
132,34,DE,103,Keyboard,Accessories,3,79.0,0.1,213.3,2026-05-08T15:31:00+00:00
133,36,DE,105,Dock USB-C,Accessories,1,159.0,0.1,143.1,2026-06-22T14:08:00+00:00
134,25,FR,101,Laptop Pro,Computers,2,1299.0,0.05,2468.1,2026-03-30T22:37:00+00:00
135,72,ES,107,Server Mini,Servers,2,2199.0,0.05,4178.1,2026-04-28T13:59:00+00:00
136,92,IT,104,Mouse,Accessories,4,49.0,0.0,196.0,2026-01-17T22:33:00+00:00
137,38,DE,102,Monitor 27,Displays,4,349.0,0.0,1396.0,2026-02-25T17:50:00+00:00
138,85,FR,105,Dock USB-C,Accessories,3,159.0,0.05,453.15,2026-04-11T18:09:00+00:00
139,68,IT,103,Keyboard,Accessories,4,79.0,0.1,284.4,2026-03-02T05:14:00+00:00
140,46,BE,106,Webcam HD,Accessories,4,99.0,0.0,396.0,2026-02-25T19:39:00+00:00
141,33,FR,102,Monitor 27,Displays,1,349.0,0.0,349.0,2026-02-27T10:39:00+00:00
142,16,IT,106,Webcam HD,Accessories,5,99.0,0.0,495.0,2026-02-04T20:51:00+00:00
143,28,ES,106,Webcam HD,Accessories,4,99.0,0.0,396.0,2026-05-12T21:45:00+00:00
144,76,FR,107,Server Mini,Servers,5,2199.0,0.1,9895.5,2026-02-21T12:26:00+00:00
145,13,BE,107,Server Mini,Servers,2,2199.0,0.0,4398.0,2026-02-11T09:53:00+00:00
146,47,DE,102,Monitor 27,Displays,3,349.0,0.0,1047.0,2026-05-09T21:22:00+00:00
147,69,DE,102,Monitor 27,Displays,3,349.0,0.0,1047.0,2026-01-10T22:13:00+00:00
148,71,FR,103,Keyboard,Accessories,2,79.0,0.05,150.1,2026-01-19T16:12:00+00:00
149,2,DE,105,Dock USB-C,Accessories,3,159.0,0.05,453.15,2026-03-29T03:32:00+00:00
150,57,ES,103,Keyboard,Accessories,2,79.0,0.0,158.0,2026-02-15T23:05:00+00:00
151,62,FR,101,Laptop Pro,Computers,1,1299.0,0.05,1234.05,2026-03-31T12:28:00+00:00
152,10,ES,105,Dock USB-C,Accessories,1,159.0,0.0,159.0,2026-01-28T03:51:00+00:00
153,73,DE,103,Keyboard,Accessories,1,79.0,0.0,79.0,2026-01-22T13:31:00+00:00
154,72,ES,107,Server Mini,Servers,4,2199.0,0.1,7916.4,2026-04-19T12:31:00+00:00
155,80,DE,102,Monitor 27,Displays,5,349.0,0.05,1657.75,2026-03-24T00:19:00+00:00
156,57,ES,103,Keyboard,Accessories,5,79.0,0.05,375.25,2026-02-25T14:13:00+00:00
157,73,DE,105,Dock USB-C,Accessories,1,159.0,0.1,143.1,2026-05-15T17:29:00+00:00
158,13,BE,107,Server Mini,Servers,2,2199.0,0.0,4398.0,2026-02-18T04:15:00+00:00
159,85,FR,101,Laptop Pro,Computers,2,1299.0,0.0,2598.0,2026-02-01T15:24:00+00:00
160,71,FR,101,Laptop Pro,Computers,2,1299.0,0.0,2598.0,2026-03-16T08:50:00+00:00
161,58,ES,106,Webcam HD,Accessories,5,99.0,0.05,470.25,2026-02-23T00:31:00+00:00
162,5,ES,102,Monitor 27,Displays,3,349.0,0.0,1047.0,2026-05-08T23:23:00+00:00
163,59,DE,101,Laptop Pro,Computers,2,1299.0,0.0,2598.0,2026-05-24T10:04:00+00:00
164,81,ES,105,Dock USB-C,Accessories,2,159.0,0.05,302.1,2026-01-21T21:27:00+00:00
165,70,FR,102,Monitor 27,Displays,2,349.0,0.0,698.0,2026-05-31T11:36:00+00:00
166,19,FR,101,Laptop Pro,Computers,1,1299.0,0.0,1299.0,2026-05-25T07:02:00+00:00
167,40,BE,105,Dock USB-C,Accessories,5,159.0,0.0,795.0,2026-03-21T22:41:00+00:00
168,16,IT,104,Mouse,Accessories,3,49.0,0.05,139.65,2026-06-21T14:36:00+00:00
169,35,DE,105,Dock USB-C,Accessories,5,159.0,0.05,755.25,2026-03-21T16:35:00+00:00
170,11,ES,105,Dock USB-C,Accessories,1,159.0,0.05,151.05,2026-05-14T17:13:00+00:00
171,42,IT,105,Dock USB-C,Accessories,3,159.0,0.0,477.0,2026-01-17T15:00:00+00:00
172,30,FR,106,Webcam HD,Accessories,5,99.0,0.1,445.5,2026-06-23T02:02:00+00:00
173,3,BE,107,Server Mini,Servers,3,2199.0,0.1,5937.3,2026-01-08T07:46:00+00:00
174,98,IT,107,Server Mini,Servers,2,2199.0,0.05,4178.1,2026-04-05T11:23:00+00:00
175,84,ES,104,Mouse,Accessories,3,49.0,0.0,147.0,2026-04-17T13:20:00+00:00
176,56,DE,106,Webcam HD,Accessories,4,99.0,0.0,396.0,2026-03-27T13:30:00+00:00
177,45,DE,104,Mouse,Accessories,3,49.0,0.0,147.0,2026-05-02T23:51:00+00:00
178,14,ES,107,Server Mini,Servers,2,2199.0,0.0,4398.0,2026-03-16T22:30:00+00:00
179,89,BE,104,Mouse,Accessories,3,49.0,0.05,139.65,2026-05-29T02:31:00+00:00
180,98,IT,105,Dock USB-C,Accessories,1,159.0,0.05,151.05,2026-01-17T00:44:00+00:00
181,41,BE,103,Keyboard,Accessories,3,79.0,0.0,237.0,2026-05-21T15:18:00+00:00
182,52,IT,107,Server Mini,Servers,5,2199.0,0.0,10995.0,2026-04-30T17:21:00+00:00
183,70,FR,104,Mouse,Accessories,4,49.0,0.0,196.0,2026-02-04T03:33:00+00:00
184,67,IT,103,Keyboard,Accessories,5,79.0,0.05,375.25,2026-04-24T20:27:00+00:00
185,57,ES,107,Server Mini,Servers,1,2199.0,0.0,2199.0,2026-02-18T14:47:00+00:00
186,71,FR,102,Monitor 27,Displays,3,349.0,0.05,994.65,2026-06-10T08:28:00+00:00
187,90,BE,104,Mouse,Accessories,1,49.0,0.0,49.0,2026-04-25T16:36:00+00:00
188,78,BE,107,Server Mini,Servers,2,2199.0,0.0,4398.0,2026-02-26T13:41:00+00:00
189,71,FR,101,Laptop Pro,Computers,5,1299.0,0.05,6170.25,2026-01-17T23:14:00+00:00
190,29,ES,107,Server Mini,Servers,1,2199.0,0.05,2089.05,2026-06-22T09:46:00+00:00
191,16,IT,106,Webcam HD,Accessories,2,99.0,0.05,188.1,2026-06-19T18:49:00+00:00
192,92,IT,103,Keyboard,Accessories,5,79.0,0.0,395.0,2026-03-17T15:18:00+00:00
193,62,FR,104,Mouse,Accessories,2,49.0,0.05,93.1,2026-04-11T08:30:00+00:00
194,19,FR,104,Mouse,Accessories,2,49.0,0.1,88.2,2026-04-03T12:32:00+00:00
195,96,BE,102,Monitor 27,Displays,1,349.0,0.0,349.0,2026-05-21T15:52:00+00:00
196,54,BE,103,Keyboard,Accessories,5,79.0,0.0,395.0,2026-05-30T09:02:00+00:00
197,1,FR,103,Keyboard,Accessories,3,79.0,0.1,213.3,2026-04-16T13:43:00+00:00
198,85,FR,104,Mouse,Accessories,2,49.0,0.05,93.1,2026-04-09T01:05:00+00:00
199,62,FR,103,Keyboard,Accessories,3,79.0,0.1,213.3,2026-05-19T21:02:00+00:00
200,70,FR,104,Mouse,Accessories,4,49.0,0.0,196.0,2026-06-08T07:20:00+00:00
201,25,FR,106,Webcam HD,Accessories,2,99.0,0.1,178.2,2026-03-11T17:13:00+00:00
202,30,FR,107,Server Mini,Servers,4,2199.0,0.0,8796.0,2026-02-27T22:08:00+00:00
203,96,BE,104,Mouse,Accessories,4,49.0,0.05,186.2,2026-05-01T19:42:00+00:00
204,84,ES,102,Monitor 27,Displays,4,349.0,0.0,1396.0,2026-01-23T23:34:00+00:00
205,65,IT,105,Dock USB-C,Accessories,3,159.0,0.0,477.0,2026-06-09T03:23:00+00:00
206,57,ES,101,Laptop Pro,Computers,5,1299.0,0.05,6170.25,2026-01-03T19:03:00+00:00
207,93,ES,102,Monitor 27,Displays,4,349.0,0.0,1396.0,2026-01-14T14:55:00+00:00
208,61,IT,107,Server Mini,Servers,3,2199.0,0.0,6597.0,2026-04-24T11:03:00+00:00
209,89,BE,104,Mouse,Accessories,1,49.0,0.0,49.0,2026-06-05T03:56:00+00:00
210,87,FR,107,Server Mini,Servers,5,2199.0,0.05,10445.25,2026-02-27T15:30:00+00:00
211,81,ES,106,Webcam HD,Accessories,4,99.0,0.1,356.4,2026-01-07T12:50:00+00:00
212,80,DE,101,Laptop Pro,Computers,2,1299.0,0.0,2598.0,2026-02-11T09:54:00+00:00
213,96,BE,101,Laptop Pro,Computers,4,1299.0,0.0,5196.0,2026-05-19T10:06:00+00:00
214,82,BE,106,Webcam HD,Accessories,1,99.0,0.05,94.05,2026-01-31T06:51:00+00:00
215,89,BE,103,Keyboard,Accessories,1,79.0,0.0,79.0,2026-03-01T01:12:00+00:00
216,8,FR,103,Keyboard,Accessories,3,79.0,0.0,237.0,2026-03-20T09:41:00+00:00
217,19,FR,102,Monitor 27,Displays,5,349.0,0.05,1657.75,2026-04-14T00:34:00+00:00
218,88,DE,107,Server Mini,Servers,2,2199.0,0.0,4398.0,2026-02-01T20:53:00+00:00
219,11,ES,105,Dock USB-C,Accessories,4,159.0,0.1,572.4,2026-05-05T08:39:00+00:00
220,31,BE,104,Mouse,Accessories,5,49.0,0.0,245.0,2026-02-12T06:26:00+00:00
221,60,BE,106,Webcam HD,Accessories,3,99.0,0.05,282.15,2026-02-16T11:32:00+00:00
222,86,DE,101,Laptop Pro,Computers,4,1299.0,0.0,5196.0,2026-05-04T08:31:00+00:00
223,70,FR,102,Monitor 27,Displays,1,349.0,0.05,331.55,2026-06-22T01:47:00+00:00
224,45,DE,105,Dock USB-C,Accessories,3,159.0,0.05,453.15,2026-05-06T16:01:00+00:00
225,33,FR,104,Mouse,Accessories,3,49.0,0.0,147.0,2026-03-12T00:45:00+00:00
226,62,FR,101,Laptop Pro,Computers,2,1299.0,0.05,2468.1,2026-04-15T02:46:00+00:00
227,46,BE,105,Dock USB-C,Accessories,3,159.0,0.0,477.0,2026-01-04T23:51:00+00:00
228,85,FR,104,Mouse,Accessories,3,49.0,0.0,147.0,2026-04-14T00:34:00+00:00
229,88,DE,107,Server Mini,Servers,1,2199.0,0.1,1979.1,2026-05-16T15:42:00+00:00
230,64,BE,107,Server Mini,Servers,3,2199.0,0.0,6597.0,2026-04-21T12:18:00+00:00
231,46,BE,102,Monitor 27,Displays,2,349.0,0.1,628.2,2026-02-15T15:00:00+00:00
232,87,FR,107,Server Mini,Servers,2,2199.0,0.0,4398.0,2026-06-14T11:01:00+00:00
233,81,ES,106,Webcam HD,Accessories,1,99.0,0.0,99.0,2026-05-24T13:29:00+00:00
234,57,ES,101,Laptop Pro,Computers,5,1299.0,0.0,6495.0,2026-05-14T07:43:00+00:00
235,17,DE,101,Laptop Pro,Computers,3,1299.0,0.0,3897.0,2026-05-17T01:47:00+00:00
236,54,BE,102,Monitor 27,Displays,2,349.0,0.0,698.0,2026-05-24T04:19:00+00:00
237,70,FR,103,Keyboard,Accessories,5,79.0,0.1,355.5,2026-06-16T07:05:00+00:00
238,35,DE,107,Server Mini,Servers,2,2199.0,0.0,4398.0,2026-06-16T09:32:00+00:00
239,62,FR,107,Server Mini,Servers,3,2199.0,0.0,6597.0,2026-05-27T09:44:00+00:00
240,15,FR,104,Mouse,Accessories,1,49.0,0.0,49.0,2026-05-18T06:56:00+00:00
241,29,ES,107,Server Mini,Servers,4,2199.0,0.1,7916.4,2026-03-08T14:05:00+00:00
242,12,ES,107,Server Mini,Servers,4,2199.0,0.0,8796.0,2026-02-18T03:26:00+00:00
243,69,DE,101,Laptop Pro,Computers,4,1299.0,0.0,5196.0,2026-05-03T11:37:00+00:00
244,96,BE,106,Webcam HD,Accessories,3,99.0,0.1,267.3,2026-03-11T08:43:00+00:00
245,82,BE,103,Keyboard,Accessories,1,79.0,0.0,79.0,2026-03-27T19:54:00+00:00
246,4,FR,105,Dock USB-C,Accessories,5,159.0,0.0,795.0,2026-06-16T14:48:00+00:00
247,79,FR,102,Monitor 27,Displays,1,349.0,0.05,331.55,2026-06-15T13:10:00+00:00
248,90,BE,103,Keyboard,Accessories,4,79.0,0.0,316.0,2026-01-26T10:41:00+00:00
249,6,ES,101,Laptop Pro,Computers,3,1299.0,0.05,3702.15,2026-01-22T03:20:00+00:00
250,13,BE,102,Monitor 27,Displays,5,349.0,0.0,1745.0,2026-03-12T18:01:00+00:00
251,59,DE,103,Keyboard,Accessories,5,79.0,0.05,375.25,2026-04-17T22:07:00+00:00
252,96,BE,106,Webcam HD,Accessories,2,99.0,0.05,188.1,2026-04-30T05:23:00+00:00
253,13,BE,107,Server Mini,Servers,4,2199.0,0.1,7916.4,2026-03-16T07:05:00+00:00
254,36,DE,101,Laptop Pro,Computers,3,1299.0,0.0,3897.0,2026-03-22T17:10:00+00:00
255,57,ES,102,Monitor 27,Displays,3,349.0,0.0,1047.0,2026-05-05T19:46:00+00:00
256,48,DE,105,Dock USB-C,Accessories,3,159.0,0.0,477.0,2026-03-14T11:29:00+00:00
257,36,DE,102,Monitor 27,Displays,1,349.0,0.05,331.55,2026-01-17T16:31:00+00:00
258,85,FR,102,Monitor 27,Displays,5,349.0,0.0,1745.0,2026-01-10T04:58:00+00:00
259,43,DE,102,Monitor 27,Displays,2,349.0,0.1,628.2,2026-02-07T08:33:00+00:00
260,9,BE,107,Server Mini,Servers,5,2199.0,0.0,10995.0,2026-04-17T17:56:00+00:00
261,28,ES,107,Server Mini,Servers,2,2199.0,0.0,4398.0,2026-05-21T23:16:00+00:00
262,19,FR,107,Server Mini,Servers,5,2199.0,0.0,10995.0,2026-02-20T11:25:00+00:00
263,19,FR,102,Monitor 27,Displays,5,349.0,0.0,1745.0,2026-05-26T08:45:00+00:00
264,23,FR,101,Laptop Pro,Computers,1,1299.0,0.0,1299.0,2026-01-03T16:55:00+00:00
265,46,BE,107,Server Mini,Servers,2,2199.0,0.1,3958.2,2026-02-28T22:34:00+00:00
266,3,BE,102,Monitor 27,Displays,3,349.0,0.0,1047.0,2026-01-24T01:48:00+00:00
267,95,IT,104,Mouse,Accessories,5,49.0,0.0,245.0,2026-05-16T17:51:00+00:00
268,9,BE,104,Mouse,Accessories,4,49.0,0.0,196.0,2026-04-04T10:22:00+00:00
269,76,FR,101,Laptop Pro,Computers,4,1299.0,0.1,4676.4,2026-02-10T07:57:00+00:00
270,79,FR,101,Laptop Pro,Computers,5,1299.0,0.0,6495.0,2026-03-25T09:13:00+00:00
271,83,DE,101,Laptop Pro,Computers,1,1299.0,0.05,1234.05,2026-06-04T05:54:00+00:00
272,52,IT,104,Mouse,Accessories,1,49.0,0.05,46.55,2026-05-10T16:31:00+00:00
273,57,ES,101,Laptop Pro,Computers,1,1299.0,0.0,1299.0,2026-04-21T17:41:00+00:00
274,19,FR,101,Laptop Pro,Computers,2,1299.0,0.0,2598.0,2026-04-24T15:41:00+00:00
275,82,BE,105,Dock USB-C,Accessories,5,159.0,0.0,795.0,2026-03-11T08:11:00+00:00
276,77,DE,105,Dock USB-C,Accessories,3,159.0,0.05,453.15,2026-04-03T00:47:00+00:00
277,78,BE,104,Mouse,Accessories,1,49.0,0.0,49.0,2026-06-05T05:54:00+00:00
278,84,ES,106,Webcam HD,Accessories,5,99.0,0.0,495.0,2026-03-20T07:00:00+00:00
279,58,ES,102,Monitor 27,Displays,4,349.0,0.0,1396.0,2026-05-31T15:02:00+00:00
280,59,DE,104,Mouse,Accessories,4,49.0,0.0,196.0,2026-02-26T21:32:00+00:00
281,55,ES,103,Keyboard,Accessories,3,79.0,0.0,237.0,2026-06-23T14:18:00+00:00
282,20,IT,106,Webcam HD,Accessories,4,99.0,0.0,396.0,2026-01-17T14:34:00+00:00
283,11,ES,101,Laptop Pro,Computers,4,1299.0,0.0,5196.0,2026-05-16T13:09:00+00:00
284,95,IT,103,Keyboard,Accessories,2,79.0,0.1,142.2,2026-01-11T22:03:00+00:00
285,76,FR,105,Dock USB-C,Accessories,5,159.0,0.0,795.0,2026-05-02T23:19:00+00:00
286,16,IT,104,Mouse,Accessories,3,49.0,0.05,139.65,2026-06-08T00:45:00+00:00
287,93,ES,101,Laptop Pro,Computers,3,1299.0,0.1,3507.3,2026-02-26T21:06:00+00:00
288,46,BE,101,Laptop Pro,Computers,5,1299.0,0.1,5845.5,2026-02-08T17:28:00+00:00
289,20,IT,106,Webcam HD,Accessories,4,99.0,0.0,396.0,2026-06-04T05:48:00+00:00
290,14,ES,103,Keyboard,Accessories,5,79.0,0.0,395.0,2026-01-21T21:56:00+00:00
291,98,IT,103,Keyboard,Accessories,5,79.0,0.0,395.0,2026-05-27T22:48:00+00:00
292,55,ES,107,Server Mini,Servers,5,2199.0,0.1,9895.5,2026-04-22T16:44:00+00:00
293,87,FR,106,Webcam HD,Accessories,5,99.0,0.0,495.0,2026-04-21T20:44:00+00:00
294,85,FR,107,Server Mini,Servers,3,2199.0,0.0,6597.0,2026-02-02T20:14:00+00:00
295,35,DE,106,Webcam HD,Accessories,3,99.0,0.0,297.0,2026-03-05T21:38:00+00:00
296,1,FR,102,Monitor 27,Displays,2,349.0,0.1,628.2,2026-04-30T15:58:00+00:00
297,52,IT,101,Laptop Pro,Computers,2,1299.0,0.0,2598.0,2026-01-17T16:53:00+00:00
298,96,BE,105,Dock USB-C,Accessories,2,159.0,0.05,302.1,2026-03-18T10:16:00+00:00
299,59,DE,103,Keyboard,Accessories,2,79.0,0.0,158.0,2026-02-26T17:33:00+00:00
300,93,ES,103,Keyboard,Accessories,5,79.0,0.1,355.5,2026-01-16T11:10:00+00:00
301,7,FR,102,Monitor 27,Displays,2,349.0,0.1,628.2,2026-01-10T01:24:00+00:00
302,87,FR,101,Laptop Pro,Computers,3,1299.0,0.05,3702.15,2026-05-01T12:03:00+00:00
303,55,ES,104,Mouse,Accessories,5,49.0,0.05,232.75,2026-03-17T09:35:00+00:00
304,35,DE,102,Monitor 27,Displays,5,349.0,0.0,1745.0,2026-03-04T20:04:00+00:00
305,56,DE,101,Laptop Pro,Computers,3,1299.0,0.1,3507.3,2026-03-30T14:07:00+00:00
306,68,IT,106,Webcam HD,Accessories,3,99.0,0.0,297.0,2026-02-10T03:27:00+00:00
307,51,IT,105,Dock USB-C,Accessories,1,159.0,0.0,159.0,2026-02-07T05:08:00+00:00
308,39,FR,102,Monitor 27,Displays,2,349.0,0.0,698.0,2026-02-22T16:36:00+00:00
309,42,IT,101,Laptop Pro,Computers,1,1299.0,0.05,1234.05,2026-05-16T23:45:00+00:00
310,56,DE,102,Monitor 27,Displays,2,349.0,0.05,663.1,2026-04-07T22:53:00+00:00
311,91,FR,102,Monitor 27,Displays,5,349.0,0.1,1570.5,2026-06-01T16:58:00+00:00
312,86,DE,107,Server Mini,Servers,3,2199.0,0.0,6597.0,2026-03-14T06:49:00+00:00
313,95,IT,101,Laptop Pro,Computers,4,1299.0,0.0,5196.0,2026-03-25T16:41:00+00:00
314,10,ES,107,Server Mini,Servers,3,2199.0,0.1,5937.3,2026-03-20T03:34:00+00:00
315,74,DE,104,Mouse,Accessories,4,49.0,0.0,196.0,2026-01-21T23:12:00+00:00
316,52,IT,101,Laptop Pro,Computers,3,1299.0,0.0,3897.0,2026-05-26T21:01:00+00:00
317,80,DE,104,Mouse,Accessories,3,49.0,0.0,147.0,2026-03-21T12:01:00+00:00
318,14,ES,102,Monitor 27,Displays,4,349.0,0.1,1256.4,2026-03-14T21:35:00+00:00
319,68,IT,101,Laptop Pro,Computers,4,1299.0,0.0,5196.0,2026-05-16T18:28:00+00:00
320,44,ES,102,Monitor 27,Displays,3,349.0,0.0,1047.0,2026-01-14T21:42:00+00:00
321,66,FR,106,Webcam HD,Accessories,1,99.0,0.1,89.1,2026-04-03T20:00:00+00:00
322,25,FR,107,Server Mini,Servers,3,2199.0,0.0,6597.0,2026-05-13T09:58:00+00:00
323,83,DE,107,Server Mini,Servers,2,2199.0,0.0,4398.0,2026-01-19T17:09:00+00:00
324,19,FR,103,Keyboard,Accessories,2,79.0,0.0,158.0,2026-04-20T15:55:00+00:00
325,20,IT,107,Server Mini,Servers,1,2199.0,0.0,2199.0,2026-06-23T04:15:00+00:00
326,99,ES,106,Webcam HD,Accessories,4,99.0,0.05,376.2,2026-05-18T08:13:00+00:00
327,73,DE,107,Server Mini,Servers,5,2199.0,0.05,10445.25,2026-05-04T23:55:00+00:00
328,73,DE,106,Webcam HD,Accessories,5,99.0,0.0,495.0,2026-06-07T07:57:00+00:00
329,81,ES,103,Keyboard,Accessories,2,79.0,0.05,150.1,2026-01-13T10:20:00+00:00
330,61,IT,104,Mouse,Accessories,3,49.0,0.0,147.0,2026-04-18T15:57:00+00:00
331,8,FR,103,Keyboard,Accessories,5,79.0,0.0,395.0,2026-02-26T12:11:00+00:00
332,60,BE,104,Mouse,Accessories,1,49.0,0.0,49.0,2026-03-09T03:02:00+00:00
333,37,BE,101,Laptop Pro,Computers,1,1299.0,0.1,1169.1,2026-04-19T03:34:00+00:00
334,65,IT,104,Mouse,Accessories,4,49.0,0.1,176.4,2026-04-11T21:50:00+00:00
335,95,IT,101,Laptop Pro,Computers,4,1299.0,0.1,4676.4,2026-04-29T15:55:00+00:00
336,25,FR,103,Keyboard,Accessories,5,79.0,0.05,375.25,2026-04-02T06:30:00+00:00
337,20,IT,101,Laptop Pro,Computers,4,1299.0,0.0,5196.0,2026-05-28T15:10:00+00:00
338,44,ES,106,Webcam HD,Accessories,1,99.0,0.1,89.1,2026-04-28T14:58:00+00:00
339,23,FR,101,Laptop Pro,Computers,2,1299.0,0.05,2468.1,2026-03-21T23:51:00+00:00
340,68,IT,105,Dock USB-C,Accessories,5,159.0,0.0,795.0,2026-03-08T05:53:00+00:00
341,48,DE,103,Keyboard,Accessories,4,79.0,0.05,300.2,2026-05-21T23:41:00+00:00
342,44,ES,106,Webcam HD,Accessories,5,99.0,0.0,495.0,2026-05-24T16:11:00+00:00
343,81,ES,106,Webcam HD,Accessories,3,99.0,0.0,297.0,2026-03-02T00:26:00+00:00
344,13,BE,105,Dock USB-C,Accessories,4,159.0,0.0,636.0,2026-02-15T20:59:00+00:00
345,93,ES,107,Server Mini,Servers,5,2199.0,0.0,10995.0,2026-03-02T16:28:00+00:00
346,11,ES,105,Dock USB-C,Accessories,2,159.0,0.0,318.0,2026-02-26T11:25:00+00:00
347,84,ES,106,Webcam HD,Accessories,4,99.0,0.0,396.0,2026-04-19T07:46:00+00:00
348,91,FR,101,Laptop Pro,Computers,3,1299.0,0.1,3507.3,2026-03-10T13:44:00+00:00
349,83,DE,107,Server Mini,Servers,3,2199.0,0.0,6597.0,2026-05-02T23:46:00+00:00
350,90,BE,107,Server Mini,Servers,5,2199.0,0.0,10995.0,2026-04-28T14:31:00+00:00
351,86,DE,104,Mouse,Accessories,5,49.0,0.0,245.0,2026-01-04T07:39:00+00:00
352,47,DE,103,Keyboard,Accessories,2,79.0,0.0,158.0,2026-03-04T05:03:00+00:00
353,99,ES,104,Mouse,Accessories,2,49.0,0.0,98.0,2026-01-26T01:01:00+00:00
354,20,IT,101,Laptop Pro,Computers,3,1299.0,0.0,3897.0,2026-04-03T10:07:00+00:00
355,99,ES,105,Dock USB-C,Accessories,5,159.0,0.0,795.0,2026-05-01T12:00:00+00:00
356,44,ES,107,Server Mini,Servers,5,2199.0,0.0,10995.0,2026-04-19T17:24:00+00:00
357,49,BE,102,Monitor 27,Displays,2,349.0,0.0,698.0,2026-06-01T08:12:00+00:00
358,89,BE,107,Server Mini,Servers,5,2199.0,0.0,10995.0,2026-05-12T06:53:00+00:00
359,57,ES,101,Laptop Pro,Computers,4,1299.0,0.0,5196.0,2026-05-04T03:04:00+00:00
360,93,ES,102,Monitor 27,Displays,4,349.0,0.1,1256.4,2026-02-21T20:52:00+00:00
361,97,ES,106,Webcam HD,Accessories,4,99.0,0.0,396.0,2026-04-08T05:07:00+00:00
362,31,BE,103,Keyboard,Accessories,4,79.0,0.0,316.0,2026-03-08T23:07:00+00:00
363,87,FR,105,Dock USB-C,Accessories,4,159.0,0.05,604.2,2026-05-21T01:43:00+00:00
364,37,BE,107,Server Mini,Servers,4,2199.0,0.1,7916.4,2026-04-07T00:30:00+00:00
365,54,BE,102,Monitor 27,Displays,2,349.0,0.1,628.2,2026-01-26T04:40:00+00:00
366,33,FR,101,Laptop Pro,Computers,4,1299.0,0.0,5196.0,2026-04-11T22:49:00+00:00
367,14,ES,106,Webcam HD,Accessories,5,99.0,0.0,495.0,2026-02-21T21:27:00+00:00
368,11,ES,107,Server Mini,Servers,2,2199.0,0.0,4398.0,2026-03-23T19:06:00+00:00
369,66,FR,102,Monitor 27,Displays,4,349.0,0.0,1396.0,2026-06-22T06:56:00+00:00
370,29,ES,107,Server Mini,Servers,4,2199.0,0.0,8796.0,2026-06-19T09:17:00+00:00
371,4,FR,104,Mouse,Accessories,1,49.0,0.05,46.55,2026-04-02T09:18:00+00:00
372,48,DE,102,Monitor 27,Displays,4,349.0,0.0,1396.0,2026-03-10T06:01:00+00:00
373,29,ES,101,Laptop Pro,Computers,3,1299.0,0.0,3897.0,2026-06-02T18:25:00+00:00
374,92,IT,106,Webcam HD,Accessories,3,99.0,0.0,297.0,2026-01-26T01:10:00+00:00
375,5,ES,103,Keyboard,Accessories,4,79.0,0.0,316.0,2026-05-19T03:25:00+00:00
376,91,FR,104,Mouse,Accessories,4,49.0,0.1,176.4,2026-01-01T22:56:00+00:00
377,11,ES,101,Laptop Pro,Computers,3,1299.0,0.0,3897.0,2026-06-02T00:00:00+00:00
378,20,IT,105,Dock USB-C,Accessories,5,159.0,0.1,715.5,2026-03-19T01:13:00+00:00
379,15,FR,107,Server Mini,Servers,3,2199.0,0.0,6597.0,2026-02-24T19:44:00+00:00
380,16,IT,101,Laptop Pro,Computers,2,1299.0,0.05,2468.1,2026-04-27T07:37:00+00:00
381,80,DE,104,Mouse,Accessories,1,49.0,0.0,49.0,2026-06-02T07:32:00+00:00
382,64,BE,105,Dock USB-C,Accessories,5,159.0,0.0,795.0,2026-04-26T01:03:00+00:00
383,66,FR,105,Dock USB-C,Accessories,2,159.0,0.0,318.0,2026-02-23T00:35:00+00:00
384,55,ES,101,Laptop Pro,Computers,5,1299.0,0.0,6495.0,2026-02-13T19:02:00+00:00
385,74,DE,104,Mouse,Accessories,2,49.0,0.0,98.0,2026-04-06T07:08:00+00:00
386,47,DE,101,Laptop Pro,Computers,5,1299.0,0.1,5845.5,2026-04-03T08:32:00+00:00
387,65,IT,105,Dock USB-C,Accessories,1,159.0,0.05,151.05,2026-06-08T23:38:00+00:00
388,61,IT,101,Laptop Pro,Computers,4,1299.0,0.0,5196.0,2026-02-16T04:12:00+00:00
389,96,BE,101,Laptop Pro,Computers,3,1299.0,0.0,3897.0,2026-03-04T18:27:00+00:00
390,31,BE,106,Webcam HD,Accessories,1,99.0,0.1,89.1,2026-05-14T20:04:00+00:00
391,97,ES,103,Keyboard,Accessories,2,79.0,0.0,158.0,2026-03-06T03:13:00+00:00
392,70,FR,103,Keyboard,Accessories,2,79.0,0.05,150.1,2026-05-07T14:12:00+00:00
393,62,FR,106,Webcam HD,Accessories,2,99.0,0.0,198.0,2026-01-12T11:41:00+00:00
394,92,IT,107,Server Mini,Servers,4,2199.0,0.0,8796.0,2026-02-23T10:04:00+00:00
395,26,FR,101,Laptop Pro,Computers,2,1299.0,0.0,2598.0,2026-02-27T10:51:00+00:00
396,40,BE,105,Dock USB-C,Accessories,4,159.0,0.1,572.4,2026-03-28T04:18:00+00:00
397,33,FR,101,Laptop Pro,Computers,2,1299.0,0.0,2598.0,2026-03-06T23:38:00+00:00
398,100,BE,101,Laptop Pro,Computers,3,1299.0,0.0,3897.0,2026-01-23T15:50:00+00:00
399,48,DE,104,Mouse,Accessories,4,49.0,0.05,186.2,2026-06-12T20:43:00+00:00
400,50,DE,103,Keyboard,Accessories,2,79.0,0.05,150.1,2026-05-06T23:41:00+00:00
401,64,BE,103,Keyboard,Accessories,5,79.0,0.0,395.0,2026-05-26T20:16:00+00:00
402,11,ES,106,Webcam HD,Accessories,4,99.0,0.0,396.0,2026-03-20T09:21:00+00:00
403,78,BE,107,Server Mini,Servers,2,2199.0,0.1,3958.2,2026-02-23T11:29:00+00:00
404,42,IT,101,Laptop Pro,Computers,1,1299.0,0.0,1299.0,2026-05-01T07:36:00+00:00
405,38,DE,103,Keyboard,Accessories,4,79.0,0.1,284.4,2026-05-11T15:31:00+00:00
406,55,ES,102,Monitor 27,Displays,4,349.0,0.0,1396.0,2026-03-23T09:32:00+00:00
407,6,ES,106,Webcam HD,Accessories,3,99.0,0.1,267.3,2026-03-21T04:17:00+00:00
408,36,DE,106,Webcam HD,Accessories,1,99.0,0.0,99.0,2026-05-03T04:26:00+00:00
409,82,BE,104,Mouse,Accessories,3,49.0,0.1,132.3,2026-05-26T20:02:00+00:00
410,96,BE,106,Webcam HD,Accessories,2,99.0,0.0,198.0,2026-01-26T23:48:00+00:00
411,78,BE,106,Webcam HD,Accessories,4,99.0,0.0,396.0,2026-01-23T23:30:00+00:00
412,9,BE,102,Monitor 27,Displays,3,349.0,0.0,1047.0,2026-03-11T16:42:00+00:00
413,73,DE,101,Laptop Pro,Computers,5,1299.0,0.0,6495.0,2026-05-04T14:52:00+00:00
414,58,ES,103,Keyboard,Accessories,3,79.0,0.05,225.15,2026-05-19T21:58:00+00:00
415,10,ES,105,Dock USB-C,Accessories,2,159.0,0.1,286.2,2026-03-08T19:13:00+00:00
416,51,IT,103,Keyboard,Accessories,3,79.0,0.0,237.0,2026-01-21T15:39:00+00:00
417,4,FR,106,Webcam HD,Accessories,2,99.0,0.05,188.1,2026-04-05T06:03:00+00:00
418,50,DE,105,Dock USB-C,Accessories,1,159.0,0.0,159.0,2026-05-22T01:52:00+00:00
419,34,DE,106,Webcam HD,Accessories,4,99.0,0.0,396.0,2026-04-22T09:19:00+00:00
420,37,BE,106,Webcam HD,Accessories,4,99.0,0.0,396.0,2026-01-23T07:48:00+00:00
421,18,BE,107,Server Mini,Servers,1,2199.0,0.05,2089.05,2026-02-01T10:20:00+00:00
422,92,IT,104,Mouse,Accessories,1,49.0,0.0,49.0,2026-05-02T13:50:00+00:00
423,45,DE,106,Webcam HD,Accessories,1,99.0,0.1,89.1,2026-04-09T16:46:00+00:00
424,38,DE,103,Keyboard,Accessories,2,79.0,0.0,158.0,2026-05-25T11:42:00+00:00
425,47,DE,105,Dock USB-C,Accessories,2,159.0,0.0,318.0,2026-02-06T14:05:00+00:00
426,18,BE,102,Monitor 27,Displays,4,349.0,0.0,1396.0,2026-03-07T16:46:00+00:00
427,71,FR,105,Dock USB-C,Accessories,3,159.0,0.05,453.15,2026-05-27T07:15:00+00:00
428,71,FR,102,Monitor 27,Displays,5,349.0,0.0,1745.0,2026-01-12T23:15:00+00:00
429,40,BE,104,Mouse,Accessories,4,49.0,0.1,176.4,2026-03-16T18:47:00+00:00
430,99,ES,104,Mouse,Accessories,5,49.0,0.0,245.0,2026-01-23T19:33:00+00:00
431,41,BE,106,Webcam HD,Accessories,1,99.0,0.05,94.05,2026-03-26T19:15:00+00:00
432,88,DE,105,Dock USB-C,Accessories,3,159.0,0.0,477.0,2026-06-09T19:51:00+00:00
433,100,BE,105,Dock USB-C,Accessories,5,159.0,0.0,795.0,2026-05-20T18:29:00+00:00
434,17,DE,104,Mouse,Accessories,5,49.0,0.0,245.0,2026-06-01T08:24:00+00:00
435,16,IT,105,Dock USB-C,Accessories,2,159.0,0.0,318.0,2026-01-30T23:23:00+00:00
436,21,DE,103,Keyboard,Accessories,2,79.0,0.0,158.0,2026-06-22T11:37:00+00:00
437,67,IT,103,Keyboard,Accessories,1,79.0,0.0,79.0,2026-02-05T17:39:00+00:00
438,82,BE,105,Dock USB-C,Accessories,3,159.0,0.0,477.0,2026-04-24T18:45:00+00:00
439,39,FR,105,Dock USB-C,Accessories,5,159.0,0.0,795.0,2026-04-02T11:46:00+00:00
440,83,DE,102,Monitor 27,Displays,5,349.0,0.1,1570.5,2026-01-29T01:41:00+00:00
441,22,ES,106,Webcam HD,Accessories,5,99.0,0.1,445.5,2026-03-03T11:04:00+00:00
442,73,DE,101,Laptop Pro,Computers,1,1299.0,0.0,1299.0,2026-01-09T06:37:00+00:00
443,83,DE,107,Server Mini,Servers,5,2199.0,0.0,10995.0,2026-04-29T12:49:00+00:00
444,27,DE,107,Server Mini,Servers,5,2199.0,0.05,10445.25,2026-04-23T12:33:00+00:00
445,82,BE,101,Laptop Pro,Computers,4,1299.0,0.1,4676.4,2026-02-22T17:35:00+00:00
446,83,DE,103,Keyboard,Accessories,4,79.0,0.0,316.0,2026-05-27T11:44:00+00:00
447,88,DE,104,Mouse,Accessories,3,49.0,0.05,139.65,2026-01-14T06:49:00+00:00
448,89,BE,101,Laptop Pro,Computers,2,1299.0,0.05,2468.1,2026-03-17T15:52:00+00:00
449,62,FR,104,Mouse,Accessories,2,49.0,0.0,98.0,2026-04-21T10:32:00+00:00
450,19,FR,103,Keyboard,Accessories,3,79.0,0.0,237.0,2026-03-14T14:01:00+00:00
451,17,DE,107,Server Mini,Servers,3,2199.0,0.1,5937.3,2026-04-13T05:53:00+00:00
452,14,ES,103,Keyboard,Accessories,2,79.0,0.05,150.1,2026-01-23T07:18:00+00:00
453,35,DE,104,Mouse,Accessories,2,49.0,0.0,98.0,2026-01-18T14:58:00+00:00
454,7,FR,103,Keyboard,Accessories,4,79.0,0.1,284.4,2026-03-18T02:51:00+00:00
455,32,FR,107,Server Mini,Servers,2,2199.0,0.0,4398.0,2026-06-19T23:37:00+00:00
456,74,DE,106,Webcam HD,Accessories,3,99.0,0.0,297.0,2026-05-19T22:07:00+00:00
457,21,DE,104,Mouse,Accessories,5,49.0,0.05,232.75,2026-04-01T19:06:00+00:00
458,40,BE,104,Mouse,Accessories,1,49.0,0.0,49.0,2026-06-22T01:47:00+00:00
459,51,IT,105,Dock USB-C,Accessories,4,159.0,0.0,636.0,2026-02-09T03:58:00+00:00
460,75,BE,103,Keyboard,Accessories,1,79.0,0.0,79.0,2026-02-21T05:15:00+00:00
461,64,BE,105,Dock USB-C,Accessories,4,159.0,0.0,636.0,2026-04-08T16:50:00+00:00
462,2,DE,107,Server Mini,Servers,1,2199.0,0.05,2089.05,2026-01-25T09:10:00+00:00
463,34,DE,106,Webcam HD,Accessories,3,99.0,0.05,282.15,2026-03-08T14:48:00+00:00
464,6,ES,104,Mouse,Accessories,1,49.0,0.1,44.1,2026-04-13T06:36:00+00:00
465,25,FR,103,Keyboard,Accessories,5,79.0,0.0,395.0,2026-01-14T09:15:00+00:00
466,50,DE,105,Dock USB-C,Accessories,4,159.0,0.1,572.4,2026-02-20T22:07:00+00:00
467,80,DE,106,Webcam HD,Accessories,5,99.0,0.0,495.0,2026-01-24T10:08:00+00:00
468,13,BE,104,Mouse,Accessories,3,49.0,0.0,147.0,2026-04-12T13:12:00+00:00
469,47,DE,107,Server Mini,Servers,2,2199.0,0.0,4398.0,2026-04-20T16:12:00+00:00
470,66,FR,104,Mouse,Accessories,5,49.0,0.0,245.0,2026-01-09T05:56:00+00:00
471,5,ES,102,Monitor 27,Displays,3,349.0,0.05,994.65,2026-04-05T12:59:00+00:00
472,59,DE,102,Monitor 27,Displays,5,349.0,0.1,1570.5,2026-01-26T10:42:00+00:00
473,42,IT,105,Dock USB-C,Accessories,3,159.0,0.0,477.0,2026-03-13T12:50:00+00:00
474,79,FR,106,Webcam HD,Accessories,3,99.0,0.1,267.3,2026-03-03T05:38:00+00:00
475,65,IT,107,Server Mini,Servers,5,2199.0,0.1,9895.5,2026-03-31T04:10:00+00:00
476,91,FR,105,Dock USB-C,Accessories,3,159.0,0.05,453.15,2026-05-29T12:03:00+00:00
477,3,BE,103,Keyboard,Accessories,3,79.0,0.0,237.0,2026-03-17T19:53:00+00:00
478,75,BE,103,Keyboard,Accessories,1,79.0,0.1,71.1,2026-03-28T09:30:00+00:00
479,34,DE,106,Webcam HD,Accessories,5,99.0,0.1,445.5,2026-02-11T10:09:00+00:00
480,93,ES,101,Laptop Pro,Computers,5,1299.0,0.05,6170.25,2026-02-01T00:58:00+00:00
481,68,IT,106,Webcam HD,Accessories,5,99.0,0.05,470.25,2026-01-27T21:38:00+00:00
482,88,DE,102,Monitor 27,Displays,1,349.0,0.1,314.1,2026-06-22T14:46:00+00:00
483,90,BE,101,Laptop Pro,Computers,2,1299.0,0.0,2598.0,2026-03-22T06:55:00+00:00
484,41,BE,104,Mouse,Accessories,2,49.0,0.05,93.1,2026-05-06T16:50:00+00:00
485,27,DE,104,Mouse,Accessories,5,49.0,0.1,220.5,2026-06-17T13:49:00+00:00
486,61,IT,107,Server Mini,Servers,1,2199.0,0.0,2199.0,2026-04-05T10:09:00+00:00
487,27,DE,105,Dock USB-C,Accessories,3,159.0,0.05,453.15,2026-04-06T15:50:00+00:00
488,49,BE,103,Keyboard,Accessories,2,79.0,0.05,150.1,2026-06-16T01:07:00+00:00
489,69,DE,103,Keyboard,Accessories,5,79.0,0.0,395.0,2026-05-04T00:54:00+00:00
490,99,ES,107,Server Mini,Servers,3,2199.0,0.1,5937.3,2026-03-30T03:24:00+00:00
491,25,FR,102,Monitor 27,Displays,3,349.0,0.1,942.3,2026-02-24T08:09:00+00:00
492,29,ES,103,Keyboard,Accessories,3,79.0,0.0,237.0,2026-05-06T15:42:00+00:00
493,91,FR,104,Mouse,Accessories,3,49.0,0.05,139.65,2026-03-05T11:56:00+00:00
494,72,ES,107,Server Mini,Servers,3,2199.0,0.0,6597.0,2026-01-23T04:28:00+00:00
495,74,DE,106,Webcam HD,Accessories,5,99.0,0.05,470.25,2026-06-13T01:38:00+00:00
496,51,IT,107,Server Mini,Servers,3,2199.0,0.0,6597.0,2026-02-22T21:00:00+00:00
497,6,ES,103,Keyboard,Accessories,1,79.0,0.0,79.0,2026-06-18T05:03:00+00:00
498,57,ES,106,Webcam HD,Accessories,3,99.0,0.05,282.15,2026-02-08T22:55:00+00:00
499,26,FR,107,Server Mini,Servers,5,2199.0,0.0,10995.0,2026-06-19T20:26:00+00:00
500,72,ES,106,Webcam HD,Accessories,3,99.0,0.0,297.0,2026-01-20T21:13:00+00:00
501,79,FR,106,Webcam HD,Accessories,5,99.0,0.0,495.0,2026-02-14T03:18:00+00:00
502,7,FR,106,Webcam HD,Accessories,5,99.0,0.0,495.0,2026-04-27T03:13:00+00:00
503,30,FR,101,Laptop Pro,Computers,1,1299.0,0.05,1234.05,2026-03-02T03:04:00+00:00
504,92,IT,104,Mouse,Accessories,1,49.0,0.0,49.0,2026-01-01T22:38:00+00:00
505,71,FR,102,Monitor 27,Displays,4,349.0,0.05,1326.2,2026-03-28T22:00:00+00:00
506,84,ES,102,Monitor 27,Displays,3,349.0,0.0,1047.0,2026-02-21T22:59:00+00:00
507,83,DE,101,Laptop Pro,Computers,1,1299.0,0.1,1169.1,2026-02-12T06:35:00+00:00
508,69,DE,106,Webcam HD,Accessories,1,99.0,0.0,99.0,2026-03-18T01:46:00+00:00
509,23,FR,101,Laptop Pro,Computers,4,1299.0,0.05,4936.2,2026-02-03T22:00:00+00:00
510,96,BE,107,Server Mini,Servers,3,2199.0,0.0,6597.0,2026-01-02T16:29:00+00:00
511,39,FR,105,Dock USB-C,Accessories,5,159.0,0.0,795.0,2026-06-19T00:28:00+00:00
512,43,DE,103,Keyboard,Accessories,4,79.0,0.1,284.4,2026-04-06T10:46:00+00:00
513,64,BE,102,Monitor 27,Displays,5,349.0,0.05,1657.75,2026-02-19T16:02:00+00:00
514,25,FR,107,Server Mini,Servers,1,2199.0,0.0,2199.0,2026-01-30T13:56:00+00:00
515,94,BE,104,Mouse,Accessories,3,49.0,0.0,147.0,2026-01-03T13:32:00+00:00
516,95,IT,103,Keyboard,Accessories,3,79.0,0.1,213.3,2026-05-03T18:30:00+00:00
517,97,ES,102,Monitor 27,Displays,2,349.0,0.1,628.2,2026-06-05T20:33:00+00:00
518,82,BE,104,Mouse,Accessories,4,49.0,0.1,176.4,2026-03-01T16:44:00+00:00
519,12,ES,104,Mouse,Accessories,1,49.0,0.0,49.0,2026-01-26T14:20:00+00:00
520,62,FR,103,Keyboard,Accessories,2,79.0,0.0,158.0,2026-02-17T11:23:00+00:00
521,50,DE,102,Monitor 27,Displays,4,349.0,0.0,1396.0,2026-03-02T00:09:00+00:00
522,39,FR,105,Dock USB-C,Accessories,5,159.0,0.0,795.0,2026-02-17T14:44:00+00:00
523,84,ES,103,Keyboard,Accessories,2,79.0,0.0,158.0,2026-05-02T13:36:00+00:00
524,16,IT,104,Mouse,Accessories,3,49.0,0.0,147.0,2026-03-15T19:17:00+00:00
525,88,DE,105,Dock USB-C,Accessories,3,159.0,0.0,477.0,2026-04-27T06:34:00+00:00
526,38,DE,103,Keyboard,Accessories,5,79.0,0.0,395.0,2026-02-09T21:23:00+00:00
527,18,BE,104,Mouse,Accessories,2,49.0,0.05,93.1,2026-05-17T02:54:00+00:00
528,78,BE,103,Keyboard,Accessories,4,79.0,0.1,284.4,2026-06-16T04:04:00+00:00
529,61,IT,107,Server Mini,Servers,5,2199.0,0.0,10995.0,2026-05-19T16:36:00+00:00
530,32,FR,106,Webcam HD,Accessories,5,99.0,0.0,495.0,2026-04-06T15:58:00+00:00
531,58,ES,105,Dock USB-C,Accessories,3,159.0,0.0,477.0,2026-06-16T23:30:00+00:00
532,73,DE,101,Laptop Pro,Computers,1,1299.0,0.1,1169.1,2026-06-14T08:46:00+00:00
533,65,IT,102,Monitor 27,Displays,5,349.0,0.1,1570.5,2026-01-28T06:42:00+00:00
534,22,ES,103,Keyboard,Accessories,5,79.0,0.05,375.25,2026-01-22T03:51:00+00:00
535,88,DE,102,Monitor 27,Displays,5,349.0,0.05,1657.75,2026-01-17T13:19:00+00:00
536,66,FR,104,Mouse,Accessories,1,49.0,0.05,46.55,2026-01-25T00:28:00+00:00
537,66,FR,104,Mouse,Accessories,4,49.0,0.1,176.4,2026-01-11T12:15:00+00:00
538,72,ES,104,Mouse,Accessories,3,49.0,0.0,147.0,2026-03-14T01:55:00+00:00
539,33,FR,107,Server Mini,Servers,1,2199.0,0.0,2199.0,2026-04-16T06:40:00+00:00
540,10,ES,101,Laptop Pro,Computers,4,1299.0,0.0,5196.0,2026-05-08T12:01:00+00:00
541,9,BE,105,Dock USB-C,Accessories,1,159.0,0.0,159.0,2026-06-19T23:43:00+00:00
542,61,IT,101,Laptop Pro,Computers,3,1299.0,0.05,3702.15,2026-02-02T18:21:00+00:00
543,99,ES,102,Monitor 27,Displays,4,349.0,0.0,1396.0,2026-06-12T06:17:00+00:00
544,49,BE,104,Mouse,Accessories,4,49.0,0.05,186.2,2026-01-15T14:37:00+00:00
545,88,DE,106,Webcam HD,Accessories,5,99.0,0.0,495.0,2026-04-29T23:20:00+00:00
546,45,DE,101,Laptop Pro,Computers,2,1299.0,0.1,2338.2,2026-03-13T13:17:00+00:00
547,68,IT,102,Monitor 27,Displays,2,349.0,0.0,698.0,2026-05-18T15:47:00+00:00
548,3,BE,103,Keyboard,Accessories,4,79.0,0.1,284.4,2026-03-19T05:02:00+00:00
549,69,DE,104,Mouse,Accessories,2,49.0,0.0,98.0,2026-03-25T20:30:00+00:00
550,45,DE,102,Monitor 27,Displays,3,349.0,0.0,1047.0,2026-06-20T15:36:00+00:00
551,93,ES,107,Server Mini,Servers,1,2199.0,0.0,2199.0,2026-05-28T08:39:00+00:00
552,85,FR,104,Mouse,Accessories,5,49.0,0.0,245.0,2026-02-13T19:29:00+00:00
553,27,DE,101,Laptop Pro,Computers,1,1299.0,0.1,1169.1,2026-01-07T02:41:00+00:00
554,58,ES,105,Dock USB-C,Accessories,1,159.0,0.0,159.0,2026-05-15T19:28:00+00:00
555,6,ES,104,Mouse,Accessories,4,49.0,0.0,196.0,2026-04-09T06:14:00+00:00
556,28,ES,107,Server Mini,Servers,1,2199.0,0.0,2199.0,2026-04-02T17:33:00+00:00
557,38,DE,102,Monitor 27,Displays,5,349.0,0.0,1745.0,2026-04-16T03:01:00+00:00
558,77,DE,107,Server Mini,Servers,3,2199.0,0.0,6597.0,2026-02-24T22:25:00+00:00
559,19,FR,106,Webcam HD,Accessories,5,99.0,0.0,495.0,2026-03-17T06:52:00+00:00
560,39,FR,103,Keyboard,Accessories,1,79.0,0.1,71.1,2026-06-22T16:08:00+00:00
561,76,FR,106,Webcam HD,Accessories,2,99.0,0.05,188.1,2026-04-12T04:32:00+00:00
562,64,BE,101,Laptop Pro,Computers,3,1299.0,0.05,3702.15,2026-05-24T01:13:00+00:00
563,68,IT,103,Keyboard,Accessories,4,79.0,0.05,300.2,2026-01-28T03:56:00+00:00
564,39,FR,104,Mouse,Accessories,2,49.0,0.1,88.2,2026-03-28T04:50:00+00:00
565,31,BE,107,Server Mini,Servers,2,2199.0,0.0,4398.0,2026-06-06T02:39:00+00:00
566,91,FR,102,Monitor 27,Displays,4,349.0,0.0,1396.0,2026-04-13T09:06:00+00:00
567,53,DE,104,Mouse,Accessories,5,49.0,0.1,220.5,2026-01-25T09:51:00+00:00
568,50,DE,102,Monitor 27,Displays,3,349.0,0.0,1047.0,2026-03-02T02:56:00+00:00
569,83,DE,101,Laptop Pro,Computers,4,1299.0,0.0,5196.0,2026-01-17T19:58:00+00:00
570,69,DE,106,Webcam HD,Accessories,2,99.0,0.0,198.0,2026-02-18T20:55:00+00:00
571,49,BE,106,Webcam HD,Accessories,5,99.0,0.1,445.5,2026-01-08T04:47:00+00:00
572,10,ES,102,Monitor 27,Displays,5,349.0,0.1,1570.5,2026-02-09T12:09:00+00:00
573,62,FR,102,Monitor 27,Displays,3,349.0,0.0,1047.0,2026-06-15T11:27:00+00:00
574,2,DE,102,Monitor 27,Displays,2,349.0,0.0,698.0,2026-05-16T23:09:00+00:00
575,97,ES,104,Mouse,Accessories,2,49.0,0.1,88.2,2026-05-09T02:48:00+00:00
576,27,DE,104,Mouse,Accessories,2,49.0,0.1,88.2,2026-02-28T13:09:00+00:00
577,100,BE,103,Keyboard,Accessories,4,79.0,0.05,300.2,2026-04-08T03:33:00+00:00
578,84,ES,103,Keyboard,Accessories,3,79.0,0.0,237.0,2026-03-07T11:18:00+00:00
579,66,FR,104,Mouse,Accessories,4,49.0,0.0,196.0,2026-05-27T03:33:00+00:00
580,93,ES,104,Mouse,Accessories,3,49.0,0.0,147.0,2026-03-09T11:38:00+00:00
581,41,BE,104,Mouse,Accessories,1,49.0,0.1,44.1,2026-06-07T07:14:00+00:00
582,29,ES,106,Webcam HD,Accessories,2,99.0,0.0,198.0,2026-02-17T11:20:00+00:00
583,71,FR,105,Dock USB-C,Accessories,5,159.0,0.05,755.25,2026-02-23T17:42:00+00:00
584,20,IT,102,Monitor 27,Displays,3,349.0,0.0,1047.0,2026-03-11T03:32:00+00:00
585,73,DE,107,Server Mini,Servers,2,2199.0,0.05,4178.1,2026-04-11T05:47:00+00:00
586,84,ES,106,Webcam HD,Accessories,3,99.0,0.0,297.0,2026-05-19T23:10:00+00:00
587,63,BE,106,Webcam HD,Accessories,4,99.0,0.05,376.2,2026-01-31T15:01:00+00:00
588,94,BE,107,Server Mini,Servers,3,2199.0,0.0,6597.0,2026-01-26T11:29:00+00:00
589,93,ES,105,Dock USB-C,Accessories,4,159.0,0.0,636.0,2026-06-16T21:59:00+00:00
590,70,FR,106,Webcam HD,Accessories,1,99.0,0.1,89.1,2026-01-07T03:46:00+00:00
591,10,ES,107,Server Mini,Servers,1,2199.0,0.0,2199.0,2026-03-17T01:46:00+00:00
592,18,BE,107,Server Mini,Servers,2,2199.0,0.0,4398.0,2026-05-09T17:40:00+00:00
593,20,IT,101,Laptop Pro,Computers,2,1299.0,0.1,2338.2,2026-03-25T00:20:00+00:00
594,48,DE,101,Laptop Pro,Computers,5,1299.0,0.1,5845.5,2026-06-16T03:52:00+00:00
595,62,FR,106,Webcam HD,Accessories,4,99.0,0.0,396.0,2026-01-02T04:53:00+00:00
596,69,DE,105,Dock USB-C,Accessories,4,159.0,0.0,636.0,2026-01-04T01:04:00+00:00
597,68,IT,106,Webcam HD,Accessories,3,99.0,0.1,267.3,2026-02-22T04:33:00+00:00
598,3,BE,105,Dock USB-C,Accessories,4,159.0,0.0,636.0,2026-01-20T11:33:00+00:00
599,13,BE,105,Dock USB-C,Accessories,2,159.0,0.0,318.0,2026-02-04T22:33:00+00:00
600,80,DE,105,Dock USB-C,Accessories,3,159.0,0.0,477.0,2026-02-18T15:57:00+00:00
601,51,IT,101,Laptop Pro,Computers,3,1299.0,0.05,3702.15,2026-03-25T13:23:00+00:00
602,73,DE,102,Monitor 27,Displays,2,349.0,0.0,698.0,2026-05-05T12:37:00+00:00
603,11,ES,106,Webcam HD,Accessories,1,99.0,0.0,99.0,2026-03-15T18:41:00+00:00
604,49,BE,104,Mouse,Accessories,5,49.0,0.05,232.75,2026-01-11T05:10:00+00:00
605,82,BE,101,Laptop Pro,Computers,2,1299.0,0.0,2598.0,2026-04-01T23:54:00+00:00
606,56,DE,106,Webcam HD,Accessories,3,99.0,0.1,267.3,2026-06-06T04:29:00+00:00
607,13,BE,105,Dock USB-C,Accessories,1,159.0,0.0,159.0,2026-02-08T11:41:00+00:00
608,89,BE,105,Dock USB-C,Accessories,4,159.0,0.0,636.0,2026-01-09T11:25:00+00:00
609,10,ES,106,Webcam HD,Accessories,3,99.0,0.1,267.3,2026-04-13T14:00:00+00:00
610,85,FR,101,Laptop Pro,Computers,2,1299.0,0.0,2598.0,2026-01-03T20:24:00+00:00
611,27,DE,105,Dock USB-C,Accessories,2,159.0,0.05,302.1,2026-06-19T02:18:00+00:00
612,10,ES,103,Keyboard,Accessories,2,79.0,0.1,142.2,2026-02-13T18:38:00+00:00
613,73,DE,107,Server Mini,Servers,4,2199.0,0.1,7916.4,2026-03-02T09:20:00+00:00
614,50,DE,107,Server Mini,Servers,2,2199.0,0.0,4398.0,2026-04-02T03:59:00+00:00
615,96,BE,103,Keyboard,Accessories,1,79.0,0.0,79.0,2026-03-21T13:40:00+00:00
616,30,FR,107,Server Mini,Servers,1,2199.0,0.0,2199.0,2026-04-21T04:01:00+00:00
617,99,ES,105,Dock USB-C,Accessories,5,159.0,0.05,755.25,2026-05-21T19:42:00+00:00
618,42,IT,101,Laptop Pro,Computers,3,1299.0,0.05,3702.15,2026-03-31T07:28:00+00:00
619,30,FR,103,Keyboard,Accessories,5,79.0,0.05,375.25,2026-03-20T14:46:00+00:00
620,24,IT,106,Webcam HD,Accessories,5,99.0,0.05,470.25,2026-01-16T14:24:00+00:00
621,99,ES,105,Dock USB-C,Accessories,3,159.0,0.0,477.0,2026-05-10T19:37:00+00:00
622,10,ES,101,Laptop Pro,Computers,3,1299.0,0.0,3897.0,2026-03-11T04:14:00+00:00
623,92,IT,107,Server Mini,Servers,2,2199.0,0.05,4178.1,2026-02-27T15:35:00+00:00
624,47,DE,101,Laptop Pro,Computers,1,1299.0,0.0,1299.0,2026-06-21T15:51:00+00:00
625,40,BE,104,Mouse,Accessories,3,49.0,0.0,147.0,2026-01-19T14:39:00+00:00
626,17,DE,101,Laptop Pro,Computers,2,1299.0,0.05,2468.1,2026-03-23T17:01:00+00:00
627,72,ES,105,Dock USB-C,Accessories,5,159.0,0.05,755.25,2026-01-19T19:17:00+00:00
628,4,FR,101,Laptop Pro,Computers,3,1299.0,0.1,3507.3,2026-01-17T22:36:00+00:00
629,77,DE,105,Dock USB-C,Accessories,3,159.0,0.05,453.15,2026-01-03T05:55:00+00:00
630,38,DE,104,Mouse,Accessories,4,49.0,0.0,196.0,2026-05-12T22:53:00+00:00
631,72,ES,102,Monitor 27,Displays,5,349.0,0.1,1570.5,2026-01-31T20:55:00+00:00
632,88,DE,104,Mouse,Accessories,2,49.0,0.0,98.0,2026-02-18T22:55:00+00:00
633,39,FR,103,Keyboard,Accessories,4,79.0,0.0,316.0,2026-01-12T12:25:00+00:00
634,22,ES,104,Mouse,Accessories,3,49.0,0.05,139.65,2026-02-24T13:38:00+00:00
635,62,FR,107,Server Mini,Servers,1,2199.0,0.0,2199.0,2026-02-15T19:41:00+00:00
636,32,FR,106,Webcam HD,Accessories,4,99.0,0.1,356.4,2026-04-23T06:16:00+00:00
637,26,FR,104,Mouse,Accessories,1,49.0,0.0,49.0,2026-02-25T11:04:00+00:00
638,1,FR,104,Mouse,Accessories,3,49.0,0.1,132.3,2026-03-11T03:45:00+00:00
639,43,DE,104,Mouse,Accessories,3,49.0,0.05,139.65,2026-05-29T10:52:00+00:00
640,84,ES,105,Dock USB-C,Accessories,2,159.0,0.0,318.0,2026-02-28T09:00:00+00:00
641,78,BE,106,Webcam HD,Accessories,2,99.0,0.05,188.1,2026-02-27T04:41:00+00:00
642,23,FR,104,Mouse,Accessories,3,49.0,0.0,147.0,2026-05-14T18:42:00+00:00
643,89,BE,106,Webcam HD,Accessories,4,99.0,0.1,356.4,2026-05-23T08:29:00+00:00
644,32,FR,103,Keyboard,Accessories,4,79.0,0.0,316.0,2026-05-29T15:19:00+00:00
645,51,IT,103,Keyboard,Accessories,1,79.0,0.1,71.1,2026-02-06T08:56:00+00:00
646,76,FR,105,Dock USB-C,Accessories,2,159.0,0.1,286.2,2026-01-05T21:35:00+00:00
647,94,BE,104,Mouse,Accessories,2,49.0,0.05,93.1,2026-05-26T05:08:00+00:00
648,38,DE,107,Server Mini,Servers,1,2199.0,0.05,2089.05,2026-05-03T12:17:00+00:00
649,64,BE,102,Monitor 27,Displays,3,349.0,0.0,1047.0,2026-02-15T23:58:00+00:00
650,85,FR,102,Monitor 27,Displays,4,349.0,0.05,1326.2,2026-01-14T11:09:00+00:00
651,58,ES,105,Dock USB-C,Accessories,4,159.0,0.1,572.4,2026-03-14T23:08:00+00:00
652,69,DE,105,Dock USB-C,Accessories,4,159.0,0.1,572.4,2026-01-07T16:37:00+00:00
653,47,DE,106,Webcam HD,Accessories,5,99.0,0.1,445.5,2026-04-27T04:15:00+00:00
654,11,ES,101,Laptop Pro,Computers,2,1299.0,0.0,2598.0,2026-01-31T06:44:00+00:00
655,83,DE,105,Dock USB-C,Accessories,1,159.0,0.1,143.1,2026-04-28T10:11:00+00:00
656,87,FR,106,Webcam HD,Accessories,4,99.0,0.0,396.0,2026-05-25T22:47:00+00:00
657,56,DE,101,Laptop Pro,Computers,1,1299.0,0.0,1299.0,2026-02-17T02:26:00+00:00
658,29,ES,105,Dock USB-C,Accessories,5,159.0,0.1,715.5,2026-04-16T16:19:00+00:00
659,89,BE,105,Dock USB-C,Accessories,2,159.0,0.05,302.1,2026-03-10T02:33:00+00:00
660,51,IT,104,Mouse,Accessories,5,49.0,0.1,220.5,2026-01-28T10:36:00+00:00
661,45,DE,101,Laptop Pro,Computers,4,1299.0,0.0,5196.0,2026-02-23T18:45:00+00:00
662,54,BE,101,Laptop Pro,Computers,1,1299.0,0.0,1299.0,2026-03-05T09:52:00+00:00
663,40,BE,103,Keyboard,Accessories,4,79.0,0.0,316.0,2026-04-05T20:47:00+00:00
664,62,FR,103,Keyboard,Accessories,4,79.0,0.0,316.0,2026-03-21T18:22:00+00:00
665,93,ES,106,Webcam HD,Accessories,4,99.0,0.0,396.0,2026-01-13T05:29:00+00:00
666,39,FR,101,Laptop Pro,Computers,1,1299.0,0.0,1299.0,2026-06-04T14:07:00+00:00
667,44,ES,106,Webcam HD,Accessories,1,99.0,0.0,99.0,2026-06-19T06:53:00+00:00
668,95,IT,102,Monitor 27,Displays,5,349.0,0.0,1745.0,2026-04-11T11:19:00+00:00
669,21,DE,103,Keyboard,Accessories,5,79.0,0.05,375.25,2026-03-26T02:44:00+00:00
670,30,FR,107,Server Mini,Servers,4,2199.0,0.0,8796.0,2026-02-03T22:20:00+00:00
671,82,BE,106,Webcam HD,Accessories,4,99.0,0.05,376.2,2026-01-06T07:32:00+00:00
672,95,IT,105,Dock USB-C,Accessories,2,159.0,0.05,302.1,2026-04-18T19:22:00+00:00
673,55,ES,104,Mouse,Accessories,1,49.0,0.0,49.0,2026-02-07T11:05:00+00:00
674,36,DE,107,Server Mini,Servers,1,2199.0,0.1,1979.1,2026-01-19T12:33:00+00:00
675,69,DE,102,Monitor 27,Displays,3,349.0,0.0,1047.0,2026-02-05T21:01:00+00:00
676,59,DE,101,Laptop Pro,Computers,3,1299.0,0.05,3702.15,2026-04-07T01:37:00+00:00
677,82,BE,103,Keyboard,Accessories,5,79.0,0.05,375.25,2026-04-22T06:50:00+00:00
678,51,IT,105,Dock USB-C,Accessories,1,159.0,0.0,159.0,2026-03-06T01:50:00+00:00
679,59,DE,105,Dock USB-C,Accessories,2,159.0,0.0,318.0,2026-06-17T05:47:00+00:00
680,79,FR,105,Dock USB-C,Accessories,1,159.0,0.0,159.0,2026-02-27T00:19:00+00:00
681,16,IT,102,Monitor 27,Displays,3,349.0,0.0,1047.0,2026-02-03T07:44:00+00:00
682,48,DE,106,Webcam HD,Accessories,2,99.0,0.1,178.2,2026-03-12T17:13:00+00:00
683,54,BE,105,Dock USB-C,Accessories,2,159.0,0.1,286.2,2026-03-11T20:27:00+00:00
684,55,ES,102,Monitor 27,Displays,4,349.0,0.1,1256.4,2026-05-07T05:39:00+00:00
685,83,DE,102,Monitor 27,Displays,5,349.0,0.0,1745.0,2026-03-31T03:16:00+00:00
686,37,BE,102,Monitor 27,Displays,2,349.0,0.0,698.0,2026-06-03T06:41:00+00:00
687,58,ES,105,Dock USB-C,Accessories,1,159.0,0.0,159.0,2026-06-23T06:39:00+00:00
688,2,DE,104,Mouse,Accessories,2,49.0,0.0,98.0,2026-05-29T09:43:00+00:00
689,50,DE,105,Dock USB-C,Accessories,5,159.0,0.05,755.25,2026-03-16T11:32:00+00:00
690,88,DE,104,Mouse,Accessories,4,49.0,0.05,186.2,2026-03-30T23:09:00+00:00
691,22,ES,101,Laptop Pro,Computers,5,1299.0,0.0,6495.0,2026-05-25T21:15:00+00:00
692,98,IT,102,Monitor 27,Displays,3,349.0,0.0,1047.0,2026-02-20T00:51:00+00:00
693,29,ES,105,Dock USB-C,Accessories,3,159.0,0.0,477.0,2026-05-23T03:06:00+00:00
694,59,DE,105,Dock USB-C,Accessories,4,159.0,0.1,572.4,2026-04-03T23:44:00+00:00
695,15,FR,105,Dock USB-C,Accessories,1,159.0,0.0,159.0,2026-05-22T02:31:00+00:00
696,70,FR,107,Server Mini,Servers,3,2199.0,0.1,5937.3,2026-05-30T18:02:00+00:00
697,97,ES,101,Laptop Pro,Computers,4,1299.0,0.1,4676.4,2026-02-09T18:49:00+00:00
698,55,ES,101,Laptop Pro,Computers,2,1299.0,0.0,2598.0,2026-06-09T06:06:00+00:00
699,5,ES,104,Mouse,Accessories,3,49.0,0.0,147.0,2026-06-06T23:00:00+00:00
700,12,ES,104,Mouse,Accessories,1,49.0,0.0,49.0,2026-02-08T04:58:00+00:00
701,95,IT,105,Dock USB-C,Accessories,3,159.0,0.1,429.3,2026-04-26T04:37:00+00:00
702,55,ES,102,Monitor 27,Displays,5,349.0,0.0,1745.0,2026-05-23T21:03:00+00:00
703,27,DE,107,Server Mini,Servers,2,2199.0,0.0,4398.0,2026-04-14T18:41:00+00:00
704,45,DE,105,Dock USB-C,Accessories,3,159.0,0.1,429.3,2026-04-09T01:54:00+00:00
705,22,ES,103,Keyboard,Accessories,3,79.0,0.0,237.0,2026-04-15T06:19:00+00:00
706,35,DE,107,Server Mini,Servers,5,2199.0,0.0,10995.0,2026-01-25T16:23:00+00:00
707,97,ES,107,Server Mini,Servers,4,2199.0,0.0,8796.0,2026-02-20T11:38:00+00:00
708,84,ES,102,Monitor 27,Displays,2,349.0,0.0,698.0,2026-01-27T14:56:00+00:00
709,92,IT,103,Keyboard,Accessories,2,79.0,0.05,150.1,2026-03-31T02:28:00+00:00
710,19,FR,105,Dock USB-C,Accessories,3,159.0,0.05,453.15,2026-03-10T07:09:00+00:00
711,58,ES,101,Laptop Pro,Computers,1,1299.0,0.05,1234.05,2026-04-04T20:44:00+00:00
712,96,BE,103,Keyboard,Accessories,3,79.0,0.05,225.15,2026-06-22T23:43:00+00:00
713,63,BE,103,Keyboard,Accessories,5,79.0,0.0,395.0,2026-06-08T04:18:00+00:00
714,100,BE,107,Server Mini,Servers,1,2199.0,0.05,2089.05,2026-04-26T13:39:00+00:00
715,86,DE,106,Webcam HD,Accessories,3,99.0,0.0,297.0,2026-05-25T20:22:00+00:00
716,69,DE,104,Mouse,Accessories,2,49.0,0.05,93.1,2026-05-31T03:48:00+00:00
717,28,ES,104,Mouse,Accessories,3,49.0,0.0,147.0,2026-05-31T19:05:00+00:00
718,37,BE,103,Keyboard,Accessories,5,79.0,0.1,355.5,2026-01-24T18:34:00+00:00
719,73,DE,107,Server Mini,Servers,4,2199.0,0.0,8796.0,2026-06-12T18:37:00+00:00
720,88,DE,107,Server Mini,Servers,1,2199.0,0.0,2199.0,2026-01-19T03:02:00+00:00
721,81,ES,107,Server Mini,Servers,4,2199.0,0.0,8796.0,2026-01-23T14:48:00+00:00
722,21,DE,104,Mouse,Accessories,4,49.0,0.0,196.0,2026-03-19T21:05:00+00:00
723,26,FR,106,Webcam HD,Accessories,2,99.0,0.0,198.0,2026-01-29T22:34:00+00:00
724,36,DE,101,Laptop Pro,Computers,3,1299.0,0.0,3897.0,2026-01-16T00:06:00+00:00
725,48,DE,106,Webcam HD,Accessories,2,99.0,0.0,198.0,2026-03-14T03:38:00+00:00
726,81,ES,103,Keyboard,Accessories,2,79.0,0.05,150.1,2026-04-30T07:51:00+00:00
727,12,ES,106,Webcam HD,Accessories,1,99.0,0.0,99.0,2026-02-08T20:27:00+00:00
728,62,FR,101,Laptop Pro,Computers,2,1299.0,0.1,2338.2,2026-02-11T04:14:00+00:00
729,67,IT,106,Webcam HD,Accessories,4,99.0,0.0,396.0,2026-01-02T11:13:00+00:00
730,90,BE,103,Keyboard,Accessories,1,79.0,0.05,75.05,2026-05-07T08:16:00+00:00
731,17,DE,104,Mouse,Accessories,1,49.0,0.0,49.0,2026-03-11T17:39:00+00:00
732,12,ES,106,Webcam HD,Accessories,1,99.0,0.0,99.0,2026-02-27T01:03:00+00:00
733,48,DE,103,Keyboard,Accessories,2,79.0,0.05,150.1,2026-05-21T19:18:00+00:00
734,97,ES,107,Server Mini,Servers,2,2199.0,0.0,4398.0,2026-01-13T10:53:00+00:00
735,68,IT,105,Dock USB-C,Accessories,1,159.0,0.1,143.1,2026-04-29T07:58:00+00:00
736,22,ES,104,Mouse,Accessories,3,49.0,0.0,147.0,2026-04-25T08:07:00+00:00
737,96,BE,102,Monitor 27,Displays,4,349.0,0.1,1256.4,2026-05-05T23:39:00+00:00
738,57,ES,107,Server Mini,Servers,2,2199.0,0.0,4398.0,2026-06-13T05:16:00+00:00
739,13,BE,102,Monitor 27,Displays,1,349.0,0.1,314.1,2026-05-13T21:27:00+00:00
740,50,DE,103,Keyboard,Accessories,4,79.0,0.0,316.0,2026-05-25T00:16:00+00:00
741,18,BE,102,Monitor 27,Displays,3,349.0,0.0,1047.0,2026-02-15T04:15:00+00:00
742,71,FR,105,Dock USB-C,Accessories,5,159.0,0.1,715.5,2026-02-21T20:50:00+00:00
743,100,BE,106,Webcam HD,Accessories,1,99.0,0.0,99.0,2026-02-07T09:36:00+00:00
744,67,IT,105,Dock USB-C,Accessories,5,159.0,0.0,795.0,2026-05-17T03:22:00+00:00
745,51,IT,103,Keyboard,Accessories,1,79.0,0.0,79.0,2026-04-01T02:11:00+00:00
746,50,DE,101,Laptop Pro,Computers,2,1299.0,0.05,2468.1,2026-04-27T03:49:00+00:00
747,77,DE,101,Laptop Pro,Computers,5,1299.0,0.0,6495.0,2026-03-07T17:39:00+00:00
748,41,BE,102,Monitor 27,Displays,4,349.0,0.1,1256.4,2026-03-18T14:46:00+00:00
749,47,DE,105,Dock USB-C,Accessories,2,159.0,0.05,302.1,2026-05-21T05:47:00+00:00
750,10,ES,101,Laptop Pro,Computers,5,1299.0,0.0,6495.0,2026-01-03T12:15:00+00:00
751,34,DE,102,Monitor 27,Displays,1,349.0,0.0,349.0,2026-06-22T16:50:00+00:00
752,51,IT,105,Dock USB-C,Accessories,3,159.0,0.1,429.3,2026-05-20T15:33:00+00:00
753,54,BE,104,Mouse,Accessories,4,49.0,0.0,196.0,2026-04-27T14:33:00+00:00
754,69,DE,105,Dock USB-C,Accessories,5,159.0,0.0,795.0,2026-02-20T12:16:00+00:00
755,11,ES,103,Keyboard,Accessories,1,79.0,0.1,71.1,2026-06-17T15:34:00+00:00
756,27,DE,107,Server Mini,Servers,2,2199.0,0.1,3958.2,2026-03-01T11:35:00+00:00
757,51,IT,105,Dock USB-C,Accessories,1,159.0,0.0,159.0,2026-05-08T04:33:00+00:00
758,56,DE,106,Webcam HD,Accessories,2,99.0,0.0,198.0,2026-02-14T12:08:00+00:00
759,12,ES,104,Mouse,Accessories,1,49.0,0.05,46.55,2026-04-22T11:09:00+00:00
760,78,BE,101,Laptop Pro,Computers,3,1299.0,0.0,3897.0,2026-01-22T17:51:00+00:00
761,2,DE,106,Webcam HD,Accessories,2,99.0,0.0,198.0,2026-01-30T19:47:00+00:00
762,64,BE,103,Keyboard,Accessories,5,79.0,0.1,355.5,2026-05-23T12:55:00+00:00
763,93,ES,103,Keyboard,Accessories,2,79.0,0.0,158.0,2026-01-24T02:34:00+00:00
764,96,BE,107,Server Mini,Servers,3,2199.0,0.0,6597.0,2026-05-21T10:25:00+00:00
765,4,FR,103,Keyboard,Accessories,4,79.0,0.0,316.0,2026-04-06T08:45:00+00:00
766,9,BE,103,Keyboard,Accessories,5,79.0,0.0,395.0,2026-04-01T07:42:00+00:00
767,59,DE,105,Dock USB-C,Accessories,3,159.0,0.0,477.0,2026-04-01T22:49:00+00:00
768,73,DE,102,Monitor 27,Displays,3,349.0,0.0,1047.0,2026-02-16T10:37:00+00:00
769,99,ES,101,Laptop Pro,Computers,5,1299.0,0.0,6495.0,2026-02-11T13:54:00+00:00
770,95,IT,105,Dock USB-C,Accessories,1,159.0,0.0,159.0,2026-06-06T07:40:00+00:00
771,2,DE,102,Monitor 27,Displays,1,349.0,0.05,331.55,2026-03-08T06:14:00+00:00
772,50,DE,102,Monitor 27,Displays,2,349.0,0.0,698.0,2026-04-11T15:30:00+00:00
773,92,IT,106,Webcam HD,Accessories,4,99.0,0.0,396.0,2026-02-28T13:58:00+00:00
774,32,FR,104,Mouse,Accessories,3,49.0,0.0,147.0,2026-05-31T08:50:00+00:00
775,10,ES,105,Dock USB-C,Accessories,3,159.0,0.0,477.0,2026-04-02T09:27:00+00:00
776,87,FR,101,Laptop Pro,Computers,2,1299.0,0.0,2598.0,2026-05-27T10:12:00+00:00
777,67,IT,101,Laptop Pro,Computers,4,1299.0,0.0,5196.0,2026-06-09T15:37:00+00:00
778,60,BE,107,Server Mini,Servers,3,2199.0,0.0,6597.0,2026-03-01T13:59:00+00:00
779,12,ES,105,Dock USB-C,Accessories,4,159.0,0.0,636.0,2026-03-09T03:49:00+00:00
780,26,FR,103,Keyboard,Accessories,5,79.0,0.0,395.0,2026-05-15T15:15:00+00:00
781,80,DE,102,Monitor 27,Displays,4,349.0,0.0,1396.0,2026-04-18T17:08:00+00:00
782,64,BE,107,Server Mini,Servers,2,2199.0,0.1,3958.2,2026-05-19T10:35:00+00:00
783,32,FR,102,Monitor 27,Displays,1,349.0,0.05,331.55,2026-01-05T08:27:00+00:00
784,30,FR,105,Dock USB-C,Accessories,3,159.0,0.0,477.0,2026-06-23T02:56:00+00:00
785,43,DE,101,Laptop Pro,Computers,4,1299.0,0.0,5196.0,2026-01-19T22:09:00+00:00
786,27,DE,105,Dock USB-C,Accessories,2,159.0,0.05,302.1,2026-03-31T13:42:00+00:00
787,8,FR,102,Monitor 27,Displays,3,349.0,0.0,1047.0,2026-01-08T23:48:00+00:00
788,30,FR,107,Server Mini,Servers,5,2199.0,0.05,10445.25,2026-05-08T14:02:00+00:00
789,48,DE,104,Mouse,Accessories,1,49.0,0.1,44.1,2026-01-18T09:34:00+00:00
790,65,IT,102,Monitor 27,Displays,4,349.0,0.0,1396.0,2026-04-18T18:01:00+00:00
791,73,DE,101,Laptop Pro,Computers,4,1299.0,0.0,5196.0,2026-02-13T02:28:00+00:00
792,38,DE,103,Keyboard,Accessories,3,79.0,0.05,225.15,2026-05-08T13:31:00+00:00
793,95,IT,103,Keyboard,Accessories,3,79.0,0.05,225.15,2026-02-19T12:11:00+00:00
794,30,FR,101,Laptop Pro,Computers,2,1299.0,0.0,2598.0,2026-05-22T23:35:00+00:00
795,99,ES,105,Dock USB-C,Accessories,1,159.0,0.0,159.0,2026-01-20T05:37:00+00:00
796,22,ES,104,Mouse,Accessories,4,49.0,0.0,196.0,2026-03-16T00:04:00+00:00
797,16,IT,105,Dock USB-C,Accessories,3,159.0,0.0,477.0,2026-03-24T06:27:00+00:00
798,40,BE,104,Mouse,Accessories,3,49.0,0.0,147.0,2026-01-17T11:03:00+00:00
799,21,DE,107,Server Mini,Servers,3,2199.0,0.1,5937.3,2026-01-08T08:12:00+00:00
800,28,ES,107,Server Mini,Servers,3,2199.0,0.0,6597.0,2026-01-17T14:30:00+00:00
801,92,IT,102,Monitor 27,Displays,3,349.0,0.05,994.65,2026-04-04T11:20:00+00:00
802,7,FR,106,Webcam HD,Accessories,3,99.0,0.0,297.0,2026-05-30T07:01:00+00:00
803,23,FR,101,Laptop Pro,Computers,4,1299.0,0.05,4936.2,2026-04-12T04:59:00+00:00
804,96,BE,105,Dock USB-C,Accessories,2,159.0,0.0,318.0,2026-03-26T02:41:00+00:00
805,14,ES,107,Server Mini,Servers,2,2199.0,0.0,4398.0,2026-01-03T04:14:00+00:00
806,8,FR,107,Server Mini,Servers,2,2199.0,0.0,4398.0,2026-02-06T01:39:00+00:00
807,52,IT,103,Keyboard,Accessories,1,79.0,0.1,71.1,2026-04-17T16:47:00+00:00
808,34,DE,107,Server Mini,Servers,1,2199.0,0.0,2199.0,2026-01-12T17:40:00+00:00
809,26,FR,106,Webcam HD,Accessories,4,99.0,0.0,396.0,2026-01-17T17:51:00+00:00
810,43,DE,101,Laptop Pro,Computers,1,1299.0,0.05,1234.05,2026-01-10T05:14:00+00:00
811,22,ES,105,Dock USB-C,Accessories,4,159.0,0.05,604.2,2026-04-01T07:36:00+00:00
812,4,FR,104,Mouse,Accessories,4,49.0,0.0,196.0,2026-03-06T10:24:00+00:00
813,28,ES,102,Monitor 27,Displays,3,349.0,0.0,1047.0,2026-03-23T04:39:00+00:00
814,20,IT,101,Laptop Pro,Computers,5,1299.0,0.1,5845.5,2026-04-23T07:36:00+00:00
815,32,FR,106,Webcam HD,Accessories,3,99.0,0.05,282.15,2026-03-17T00:01:00+00:00
816,71,FR,104,Mouse,Accessories,1,49.0,0.0,49.0,2026-02-20T22:21:00+00:00
817,50,DE,102,Monitor 27,Displays,4,349.0,0.0,1396.0,2026-04-27T23:47:00+00:00
818,68,IT,102,Monitor 27,Displays,5,349.0,0.0,1745.0,2026-03-11T15:09:00+00:00
819,92,IT,103,Keyboard,Accessories,4,79.0,0.1,284.4,2026-05-23T06:08:00+00:00
820,63,BE,103,Keyboard,Accessories,5,79.0,0.1,355.5,2026-02-28T13:06:00+00:00
821,50,DE,103,Keyboard,Accessories,2,79.0,0.0,158.0,2026-02-28T01:11:00+00:00
822,77,DE,102,Monitor 27,Displays,1,349.0,0.0,349.0,2026-01-11T15:59:00+00:00
823,61,IT,105,Dock USB-C,Accessories,3,159.0,0.1,429.3,2026-02-12T08:57:00+00:00
824,21,DE,101,Laptop Pro,Computers,2,1299.0,0.0,2598.0,2026-02-18T12:28:00+00:00
825,69,DE,107,Server Mini,Servers,1,2199.0,0.0,2199.0,2026-04-15T19:14:00+00:00
826,50,DE,103,Keyboard,Accessories,2,79.0,0.0,158.0,2026-02-13T01:30:00+00:00
827,76,FR,103,Keyboard,Accessories,3,79.0,0.1,213.3,2026-01-06T03:14:00+00:00
828,91,FR,106,Webcam HD,Accessories,3,99.0,0.1,267.3,2026-04-13T14:26:00+00:00
829,19,FR,105,Dock USB-C,Accessories,2,159.0,0.05,302.1,2026-04-09T16:34:00+00:00
830,40,BE,102,Monitor 27,Displays,4,349.0,0.0,1396.0,2026-01-17T10:20:00+00:00
831,8,FR,102,Monitor 27,Displays,5,349.0,0.0,1745.0,2026-01-04T15:04:00+00:00
832,68,IT,104,Mouse,Accessories,1,49.0,0.0,49.0,2026-06-17T02:20:00+00:00
833,79,FR,102,Monitor 27,Displays,2,349.0,0.0,698.0,2026-05-11T12:20:00+00:00
834,23,FR,107,Server Mini,Servers,3,2199.0,0.0,6597.0,2026-01-04T23:44:00+00:00
835,19,FR,105,Dock USB-C,Accessories,2,159.0,0.0,318.0,2026-06-04T02:19:00+00:00
836,68,IT,107,Server Mini,Servers,3,2199.0,0.0,6597.0,2026-03-10T00:14:00+00:00
837,91,FR,106,Webcam HD,Accessories,4,99.0,0.1,356.4,2026-01-19T09:24:00+00:00
838,44,ES,103,Keyboard,Accessories,3,79.0,0.0,237.0,2026-01-29T16:08:00+00:00
839,94,BE,104,Mouse,Accessories,4,49.0,0.0,196.0,2026-02-01T17:06:00+00:00
840,91,FR,105,Dock USB-C,Accessories,5,159.0,0.0,795.0,2026-02-10T15:20:00+00:00
841,86,DE,105,Dock USB-C,Accessories,2,159.0,0.05,302.1,2026-02-25T20:31:00+00:00
842,94,BE,106,Webcam HD,Accessories,3,99.0,0.0,297.0,2026-02-02T08:25:00+00:00
843,94,BE,101,Laptop Pro,Computers,5,1299.0,0.05,6170.25,2026-06-04T21:00:00+00:00
844,99,ES,105,Dock USB-C,Accessories,1,159.0,0.0,159.0,2026-04-20T15:52:00+00:00
845,41,BE,107,Server Mini,Servers,5,2199.0,0.0,10995.0,2026-04-27T10:39:00+00:00
846,73,DE,101,Laptop Pro,Computers,4,1299.0,0.0,5196.0,2026-03-02T06:53:00+00:00
847,96,BE,101,Laptop Pro,Computers,2,1299.0,0.0,2598.0,2026-02-28T03:59:00+00:00
848,22,ES,106,Webcam HD,Accessories,1,99.0,0.0,99.0,2026-03-23T07:21:00+00:00
849,2,DE,103,Keyboard,Accessories,2,79.0,0.0,158.0,2026-05-07T04:31:00+00:00
850,9,BE,103,Keyboard,Accessories,3,79.0,0.0,237.0,2026-05-12T03:32:00+00:00
851,1,FR,101,Laptop Pro,Computers,4,1299.0,0.05,4936.2,2026-05-14T08:42:00+00:00
852,54,BE,102,Monitor 27,Displays,4,349.0,0.05,1326.2,2026-06-10T12:30:00+00:00
853,49,BE,103,Keyboard,Accessories,5,79.0,0.05,375.25,2026-01-19T11:08:00+00:00
854,62,FR,107,Server Mini,Servers,5,2199.0,0.0,10995.0,2026-01-30T14:39:00+00:00
855,58,ES,101,Laptop Pro,Computers,1,1299.0,0.0,1299.0,2026-01-04T15:43:00+00:00
856,41,BE,103,Keyboard,Accessories,1,79.0,0.0,79.0,2026-03-04T05:22:00+00:00
857,22,ES,104,Mouse,Accessories,2,49.0,0.0,98.0,2026-04-10T14:04:00+00:00
858,12,ES,103,Keyboard,Accessories,5,79.0,0.1,355.5,2026-06-12T14:33:00+00:00
859,62,FR,106,Webcam HD,Accessories,1,99.0,0.05,94.05,2026-06-21T13:35:00+00:00
860,84,ES,102,Monitor 27,Displays,5,349.0,0.05,1657.75,2026-01-29T14:23:00+00:00
861,7,FR,101,Laptop Pro,Computers,3,1299.0,0.0,3897.0,2026-02-04T14:03:00+00:00
862,53,DE,106,Webcam HD,Accessories,5,99.0,0.1,445.5,2026-02-18T06:57:00+00:00
863,85,FR,103,Keyboard,Accessories,3,79.0,0.0,237.0,2026-01-18T11:03:00+00:00
864,7,FR,104,Mouse,Accessories,5,49.0,0.1,220.5,2026-06-02T21:22:00+00:00
865,63,BE,102,Monitor 27,Displays,1,349.0,0.0,349.0,2026-01-01T16:40:00+00:00
866,55,ES,101,Laptop Pro,Computers,3,1299.0,0.1,3507.3,2026-03-29T10:35:00+00:00
867,26,FR,101,Laptop Pro,Computers,1,1299.0,0.0,1299.0,2026-02-01T02:22:00+00:00
868,82,BE,103,Keyboard,Accessories,1,79.0,0.05,75.05,2026-06-03T14:29:00+00:00
869,15,FR,103,Keyboard,Accessories,4,79.0,0.05,300.2,2026-03-31T00:53:00+00:00
870,85,FR,103,Keyboard,Accessories,1,79.0,0.1,71.1,2026-03-12T13:07:00+00:00
871,24,IT,103,Keyboard,Accessories,4,79.0,0.0,316.0,2026-02-03T23:11:00+00:00
872,58,ES,101,Laptop Pro,Computers,3,1299.0,0.05,3702.15,2026-03-26T15:52:00+00:00
873,34,DE,102,Monitor 27,Displays,3,349.0,0.1,942.3,2026-01-12T05:18:00+00:00
874,20,IT,107,Server Mini,Servers,1,2199.0,0.0,2199.0,2026-05-02T15:09:00+00:00
875,45,DE,107,Server Mini,Servers,5,2199.0,0.05,10445.25,2026-05-18T17:00:00+00:00
876,76,FR,102,Monitor 27,Displays,5,349.0,0.0,1745.0,2026-06-03T01:29:00+00:00
877,50,DE,107,Server Mini,Servers,5,2199.0,0.05,10445.25,2026-04-08T11:41:00+00:00
878,88,DE,107,Server Mini,Servers,4,2199.0,0.1,7916.4,2026-06-10T12:00:00+00:00
879,31,BE,104,Mouse,Accessories,3,49.0,0.0,147.0,2026-03-13T20:55:00+00:00
880,92,IT,101,Laptop Pro,Computers,5,1299.0,0.1,5845.5,2026-06-13T22:08:00+00:00
881,67,IT,107,Server Mini,Servers,5,2199.0,0.1,9895.5,2026-01-27T20:12:00+00:00
882,16,IT,107,Server Mini,Servers,4,2199.0,0.0,8796.0,2026-06-22T18:30:00+00:00
883,22,ES,102,Monitor 27,Displays,2,349.0,0.0,698.0,2026-01-08T18:27:00+00:00
884,55,ES,101,Laptop Pro,Computers,4,1299.0,0.0,5196.0,2026-05-30T17:50:00+00:00
885,81,ES,102,Monitor 27,Displays,5,349.0,0.0,1745.0,2026-02-28T05:00:00+00:00
886,94,BE,107,Server Mini,Servers,1,2199.0,0.0,2199.0,2026-03-12T15:37:00+00:00
887,72,ES,104,Mouse,Accessories,5,49.0,0.0,245.0,2026-06-05T22:38:00+00:00
888,36,DE,105,Dock USB-C,Accessories,4,159.0,0.0,636.0,2026-05-24T04:29:00+00:00
889,90,BE,105,Dock USB-C,Accessories,5,159.0,0.1,715.5,2026-05-23T07:14:00+00:00
890,54,BE,101,Laptop Pro,Computers,4,1299.0,0.0,5196.0,2026-01-27T23:29:00+00:00
891,73,DE,105,Dock USB-C,Accessories,5,159.0,0.0,795.0,2026-06-18T09:04:00+00:00
892,14,ES,105,Dock USB-C,Accessories,1,159.0,0.0,159.0,2026-06-07T22:03:00+00:00
893,69,DE,103,Keyboard,Accessories,4,79.0,0.0,316.0,2026-03-11T17:32:00+00:00
894,84,ES,104,Mouse,Accessories,5,49.0,0.1,220.5,2026-03-28T02:46:00+00:00
895,5,ES,102,Monitor 27,Displays,3,349.0,0.05,994.65,2026-01-27T04:30:00+00:00
896,80,DE,105,Dock USB-C,Accessories,4,159.0,0.0,636.0,2026-03-14T01:14:00+00:00
897,43,DE,106,Webcam HD,Accessories,2,99.0,0.0,198.0,2026-05-16T18:13:00+00:00
898,61,IT,103,Keyboard,Accessories,3,79.0,0.0,237.0,2026-03-03T12:09:00+00:00
899,39,FR,103,Keyboard,Accessories,3,79.0,0.05,225.15,2026-06-06T05:41:00+00:00
900,90,BE,106,Webcam HD,Accessories,1,99.0,0.0,99.0,2026-01-25T11:08:00+00:00
901,39,FR,106,Webcam HD,Accessories,4,99.0,0.0,396.0,2026-02-19T01:06:00+00:00
902,94,BE,104,Mouse,Accessories,5,49.0,0.0,245.0,2026-02-04T05:06:00+00:00
903,57,ES,102,Monitor 27,Displays,4,349.0,0.05,1326.2,2026-05-19T06:16:00+00:00
904,67,IT,107,Server Mini,Servers,3,2199.0,0.0,6597.0,2026-04-04T19:14:00+00:00
905,21,DE,101,Laptop Pro,Computers,3,1299.0,0.1,3507.3,2026-03-15T10:24:00+00:00
906,18,BE,107,Server Mini,Servers,5,2199.0,0.1,9895.5,2026-01-06T06:28:00+00:00
907,23,FR,102,Monitor 27,Displays,2,349.0,0.0,698.0,2026-02-15T10:02:00+00:00
908,5,ES,104,Mouse,Accessories,1,49.0,0.0,49.0,2026-05-09T06:35:00+00:00
909,26,FR,103,Keyboard,Accessories,3,79.0,0.05,225.15,2026-04-02T22:55:00+00:00
910,51,IT,106,Webcam HD,Accessories,1,99.0,0.0,99.0,2026-02-14T01:02:00+00:00
911,48,DE,104,Mouse,Accessories,5,49.0,0.05,232.75,2026-02-02T07:52:00+00:00
912,61,IT,105,Dock USB-C,Accessories,5,159.0,0.0,795.0,2026-03-04T16:02:00+00:00
913,21,DE,107,Server Mini,Servers,3,2199.0,0.0,6597.0,2026-02-21T21:29:00+00:00
914,4,FR,104,Mouse,Accessories,1,49.0,0.0,49.0,2026-06-05T10:24:00+00:00
915,74,DE,107,Server Mini,Servers,2,2199.0,0.0,4398.0,2026-04-28T20:26:00+00:00
916,29,ES,106,Webcam HD,Accessories,2,99.0,0.0,198.0,2026-04-29T14:49:00+00:00
917,53,DE,105,Dock USB-C,Accessories,1,159.0,0.0,159.0,2026-03-28T07:21:00+00:00
918,17,DE,106,Webcam HD,Accessories,2,99.0,0.1,178.2,2026-05-26T19:01:00+00:00
919,2,DE,102,Monitor 27,Displays,3,349.0,0.1,942.3,2026-05-27T13:28:00+00:00
920,40,BE,106,Webcam HD,Accessories,3,99.0,0.05,282.15,2026-06-13T00:25:00+00:00
921,49,BE,107,Server Mini,Servers,3,2199.0,0.05,6267.15,2026-02-15T20:59:00+00:00
922,28,ES,104,Mouse,Accessories,3,49.0,0.1,132.3,2026-05-31T01:28:00+00:00
923,80,DE,104,Mouse,Accessories,5,49.0,0.0,245.0,2026-01-02T08:06:00+00:00
924,66,FR,106,Webcam HD,Accessories,3,99.0,0.1,267.3,2026-04-28T20:16:00+00:00
925,77,DE,105,Dock USB-C,Accessories,3,159.0,0.0,477.0,2026-05-05T14:14:00+00:00
926,14,ES,104,Mouse,Accessories,1,49.0,0.0,49.0,2026-02-20T07:58:00+00:00
927,82,BE,103,Keyboard,Accessories,3,79.0,0.0,237.0,2026-04-30T10:37:00+00:00
928,92,IT,106,Webcam HD,Accessories,3,99.0,0.0,297.0,2026-01-28T07:03:00+00:00
929,67,IT,107,Server Mini,Servers,2,2199.0,0.0,4398.0,2026-05-27T14:58:00+00:00
930,77,DE,104,Mouse,Accessories,3,49.0,0.0,147.0,2026-05-12T07:20:00+00:00
931,4,FR,106,Webcam HD,Accessories,4,99.0,0.0,396.0,2026-02-17T05:27:00+00:00
932,54,BE,104,Mouse,Accessories,4,49.0,0.0,196.0,2026-04-17T03:16:00+00:00
933,91,FR,105,Dock USB-C,Accessories,2,159.0,0.0,318.0,2026-05-13T06:20:00+00:00
934,92,IT,102,Monitor 27,Displays,5,349.0,0.05,1657.75,2026-06-15T00:40:00+00:00
935,86,DE,103,Keyboard,Accessories,5,79.0,0.0,395.0,2026-06-03T21:41:00+00:00
936,22,ES,107,Server Mini,Servers,5,2199.0,0.0,10995.0,2026-02-23T11:33:00+00:00
937,13,BE,104,Mouse,Accessories,2,49.0,0.0,98.0,2026-05-13T00:23:00+00:00
938,72,ES,107,Server Mini,Servers,2,2199.0,0.0,4398.0,2026-04-30T03:16:00+00:00
939,12,ES,102,Monitor 27,Displays,3,349.0,0.0,1047.0,2026-05-16T11:30:00+00:00
940,40,BE,104,Mouse,Accessories,3,49.0,0.0,147.0,2026-02-17T10:24:00+00:00
941,75,BE,103,Keyboard,Accessories,4,79.0,0.0,316.0,2026-03-27T15:48:00+00:00
942,7,FR,107,Server Mini,Servers,5,2199.0,0.1,9895.5,2026-06-21T21:42:00+00:00
943,80,DE,101,Laptop Pro,Computers,4,1299.0,0.0,5196.0,2026-04-02T02:37:00+00:00
944,16,IT,107,Server Mini,Servers,4,2199.0,0.1,7916.4,2026-02-24T07:32:00+00:00
945,53,DE,101,Laptop Pro,Computers,2,1299.0,0.0,2598.0,2026-02-06T11:06:00+00:00
946,44,ES,104,Mouse,Accessories,5,49.0,0.05,232.75,2026-01-27T01:45:00+00:00
947,41,BE,107,Server Mini,Servers,2,2199.0,0.0,4398.0,2026-03-30T18:16:00+00:00
948,43,DE,106,Webcam HD,Accessories,2,99.0,0.0,198.0,2026-04-26T12:10:00+00:00
949,8,FR,101,Laptop Pro,Computers,4,1299.0,0.0,5196.0,2026-02-08T02:48:00+00:00
950,98,IT,107,Server Mini,Servers,2,2199.0,0.1,3958.2,2026-05-20T04:04:00+00:00
951,21,DE,104,Mouse,Accessories,1,49.0,0.0,49.0,2026-04-22T20:42:00+00:00
952,56,DE,106,Webcam HD,Accessories,4,99.0,0.05,376.2,2026-03-20T02:26:00+00:00
953,62,FR,104,Mouse,Accessories,1,49.0,0.0,49.0,2026-04-08T04:07:00+00:00
954,26,FR,106,Webcam HD,Accessories,3,99.0,0.0,297.0,2026-06-12T09:14:00+00:00
955,42,IT,107,Server Mini,Servers,5,2199.0,0.0,10995.0,2026-01-04T06:16:00+00:00
956,87,FR,101,Laptop Pro,Computers,2,1299.0,0.0,2598.0,2026-05-07T06:03:00+00:00
957,45,DE,103,Keyboard,Accessories,2,79.0,0.0,158.0,2026-03-11T19:45:00+00:00
958,65,IT,105,Dock USB-C,Accessories,3,159.0,0.0,477.0,2026-01-12T21:14:00+00:00
959,6,ES,103,Keyboard,Accessories,3,79.0,0.05,225.15,2026-05-13T11:56:00+00:00
960,67,IT,105,Dock USB-C,Accessories,5,159.0,0.0,795.0,2026-03-20T22:42:00+00:00
961,88,DE,102,Monitor 27,Displays,3,349.0,0.05,994.65,2026-03-07T09:35:00+00:00
962,97,ES,102,Monitor 27,Displays,2,349.0,0.05,663.1,2026-01-04T11:33:00+00:00
963,30,FR,102,Monitor 27,Displays,2,349.0,0.0,698.0,2026-05-14T15:13:00+00:00
964,3,BE,105,Dock USB-C,Accessories,5,159.0,0.0,795.0,2026-01-23T10:06:00+00:00
965,47,DE,106,Webcam HD,Accessories,1,99.0,0.05,94.05,2026-06-09T13:40:00+00:00
966,82,BE,103,Keyboard,Accessories,5,79.0,0.1,355.5,2026-01-09T20:16:00+00:00
967,77,DE,101,Laptop Pro,Computers,1,1299.0,0.0,1299.0,2026-01-09T18:44:00+00:00
968,89,BE,101,Laptop Pro,Computers,4,1299.0,0.05,4936.2,2026-03-11T05:21:00+00:00
969,16,IT,105,Dock USB-C,Accessories,3,159.0,0.05,453.15,2026-05-08T18:30:00+00:00
970,20,IT,102,Monitor 27,Displays,1,349.0,0.0,349.0,2026-03-18T14:48:00+00:00
971,85,FR,101,Laptop Pro,Computers,5,1299.0,0.0,6495.0,2026-04-24T09:02:00+00:00
972,78,BE,106,Webcam HD,Accessories,2,99.0,0.05,188.1,2026-06-01T05:10:00+00:00
973,14,ES,105,Dock USB-C,Accessories,5,159.0,0.0,795.0,2026-02-21T11:09:00+00:00
974,15,FR,107,Server Mini,Servers,1,2199.0,0.05,2089.05,2026-02-06T03:54:00+00:00
975,78,BE,102,Monitor 27,Displays,3,349.0,0.1,942.3,2026-02-06T17:07:00+00:00
976,46,BE,106,Webcam HD,Accessories,4,99.0,0.0,396.0,2026-01-30T04:40:00+00:00
977,6,ES,105,Dock USB-C,Accessories,4,159.0,0.0,636.0,2026-05-06T06:48:00+00:00
978,62,FR,103,Keyboard,Accessories,2,79.0,0.0,158.0,2026-01-03T07:42:00+00:00
979,86,DE,101,Laptop Pro,Computers,1,1299.0,0.1,1169.1,2026-05-02T19:00:00+00:00
980,64,BE,102,Monitor 27,Displays,1,349.0,0.1,314.1,2026-01-14T15:53:00+00:00
981,93,ES,106,Webcam HD,Accessories,1,99.0,0.0,99.0,2026-04-28T07:09:00+00:00
982,30,FR,104,Mouse,Accessories,3,49.0,0.0,147.0,2026-03-26T12:27:00+00:00
983,7,FR,101,Laptop Pro,Computers,2,1299.0,0.0,2598.0,2026-06-05T03:31:00+00:00
984,38,DE,103,Keyboard,Accessories,3,79.0,0.05,225.15,2026-05-15T10:43:00+00:00
985,15,FR,101,Laptop Pro,Computers,1,1299.0,0.0,1299.0,2026-06-05T02:26:00+00:00
986,18,BE,106,Webcam HD,Accessories,2,99.0,0.0,198.0,2026-03-07T02:03:00+00:00
987,57,ES,105,Dock USB-C,Accessories,3,159.0,0.0,477.0,2026-03-09T20:00:00+00:00
988,44,ES,102,Monitor 27,Displays,1,349.0,0.05,331.55,2026-03-14T20:43:00+00:00
989,59,DE,103,Keyboard,Accessories,4,79.0,0.05,300.2,2026-05-26T14:48:00+00:00
990,54,BE,106,Webcam HD,Accessories,2,99.0,0.0,198.0,2026-01-25T02:57:00+00:00
991,90,BE,106,Webcam HD,Accessories,1,99.0,0.0,99.0,2026-01-19T21:07:00+00:00
992,54,BE,105,Dock USB-C,Accessories,4,159.0,0.1,572.4,2026-05-04T11:56:00+00:00
993,57,ES,102,Monitor 27,Displays,5,349.0,0.05,1657.75,2026-05-22T20:13:00+00:00
994,46,BE,105,Dock USB-C,Accessories,1,159.0,0.0,159.0,2026-03-29T22:36:00+00:00
995,63,BE,101,Laptop Pro,Computers,4,1299.0,0.05,4936.2,2026-01-09T08:51:00+00:00
996,9,BE,103,Keyboard,Accessories,3,79.0,0.0,237.0,2026-05-09T06:18:00+00:00
997,87,FR,105,Dock USB-C,Accessories,5,159.0,0.1,715.5,2026-02-10T18:36:00+00:00
998,86,DE,107,Server Mini,Servers,3,2199.0,0.1,5937.3,2026-04-06T05:28:00+00:00
999,89,BE,106,Webcam HD,Accessories,5,99.0,0.0,495.0,2026-03-20T19:08:00+00:00
1000,85,FR,106,Webcam HD,Accessories,2,99.0,0.05,188.1,2026-03-04T22:36:00+00:00
1001,85,FR,106,Webcam HD,Accessories,4,99.0,0.0,396.0,2026-06-02T17:47:00+00:00
1002,72,ES,105,Dock USB-C,Accessories,1,159.0,0.0,159.0,2026-04-28T03:03:00+00:00
1003,21,DE,105,Dock USB-C,Accessories,4,159.0,0.05,604.2,2026-06-08T06:32:00+00:00
1004,22,ES,101,Laptop Pro,Computers,4,1299.0,0.0,5196.0,2026-02-13T20:28:00+00:00
1005,43,DE,103,Keyboard,Accessories,1,79.0,0.1,71.1,2026-02-10T13:01:00+00:00
1006,71,FR,106,Webcam HD,Accessories,4,99.0,0.05,376.2,2026-05-29T17:58:00+00:00
1007,31,BE,101,Laptop Pro,Computers,4,1299.0,0.05,4936.2,2026-05-26T20:45:00+00:00
1008,74,DE,104,Mouse,Accessories,1,49.0,0.05,46.55,2026-03-23T09:16:00+00:00
1009,41,BE,101,Laptop Pro,Computers,4,1299.0,0.0,5196.0,2026-01-19T16:27:00+00:00
1010,52,IT,104,Mouse,Accessories,1,49.0,0.1,44.1,2026-04-10T23:02:00+00:00
1011,1,FR,107,Server Mini,Servers,1,2199.0,0.1,1979.1,2026-04-23T16:44:00+00:00
1012,82,BE,103,Keyboard,Accessories,5,79.0,0.1,355.5,2026-02-07T15:44:00+00:00
1013,84,ES,106,Webcam HD,Accessories,4,99.0,0.0,396.0,2026-03-08T03:28:00+00:00
1014,7,FR,107,Server Mini,Servers,2,2199.0,0.05,4178.1,2026-03-02T10:24:00+00:00
1015,72,ES,107,Server Mini,Servers,5,2199.0,0.1,9895.5,2026-03-28T03:09:00+00:00
1016,92,IT,106,Webcam HD,Accessories,3,99.0,0.05,282.15,2026-01-21T18:10:00+00:00
1017,13,BE,107,Server Mini,Servers,2,2199.0,0.0,4398.0,2026-03-04T03:24:00+00:00
1018,46,BE,107,Server Mini,Servers,3,2199.0,0.1,5937.3,2026-04-06T00:35:00+00:00
1019,48,DE,106,Webcam HD,Accessories,1,99.0,0.0,99.0,2026-06-13T06:30:00+00:00
1020,22,ES,104,Mouse,Accessories,2,49.0,0.05,93.1,2026-01-20T11:19:00+00:00
1021,33,FR,105,Dock USB-C,Accessories,2,159.0,0.0,318.0,2026-01-22T23:32:00+00:00
1022,51,IT,102,Monitor 27,Displays,4,349.0,0.0,1396.0,2026-05-11T11:41:00+00:00
1023,44,ES,101,Laptop Pro,Computers,4,1299.0,0.0,5196.0,2026-06-18T16:29:00+00:00
1024,82,BE,107,Server Mini,Servers,5,2199.0,0.0,10995.0,2026-05-21T13:33:00+00:00
1025,58,ES,104,Mouse,Accessories,5,49.0,0.1,220.5,2026-01-25T12:14:00+00:00
1026,64,BE,101,Laptop Pro,Computers,5,1299.0,0.0,6495.0,2026-04-11T17:04:00+00:00
1027,56,DE,107,Server Mini,Servers,5,2199.0,0.05,10445.25,2026-06-18T06:38:00+00:00
1028,66,FR,107,Server Mini,Servers,2,2199.0,0.1,3958.2,2026-02-01T14:41:00+00:00
1029,94,BE,107,Server Mini,Servers,2,2199.0,0.0,4398.0,2026-03-12T12:36:00+00:00
1030,85,FR,105,Dock USB-C,Accessories,5,159.0,0.0,795.0,2026-04-02T18:29:00+00:00
1031,50,DE,104,Mouse,Accessories,5,49.0,0.0,245.0,2026-02-19T19:21:00+00:00
1032,51,IT,103,Keyboard,Accessories,3,79.0,0.05,225.15,2026-05-27T12:12:00+00:00
1033,18,BE,102,Monitor 27,Displays,4,349.0,0.1,1256.4,2026-05-08T10:24:00+00:00
1034,96,BE,105,Dock USB-C,Accessories,3,159.0,0.1,429.3,2026-06-06T16:29:00+00:00
1035,41,BE,106,Webcam HD,Accessories,5,99.0,0.0,495.0,2026-02-06T13:41:00+00:00
1036,27,DE,105,Dock USB-C,Accessories,3,159.0,0.0,477.0,2026-06-17T16:44:00+00:00
1037,87,FR,102,Monitor 27,Displays,2,349.0,0.1,628.2,2026-04-09T18:10:00+00:00
1038,89,BE,106,Webcam HD,Accessories,3,99.0,0.0,297.0,2026-05-19T11:52:00+00:00
1039,46,BE,105,Dock USB-C,Accessories,4,159.0,0.1,572.4,2026-04-14T21:09:00+00:00
1040,86,DE,106,Webcam HD,Accessories,4,99.0,0.1,356.4,2026-02-22T01:14:00+00:00
1041,55,ES,107,Server Mini,Servers,1,2199.0,0.1,1979.1,2026-01-20T09:10:00+00:00
1042,4,FR,104,Mouse,Accessories,2,49.0,0.0,98.0,2026-05-03T00:23:00+00:00
1043,8,FR,102,Monitor 27,Displays,3,349.0,0.0,1047.0,2026-02-22T04:14:00+00:00
1044,88,DE,103,Keyboard,Accessories,2,79.0,0.0,158.0,2026-05-06T17:15:00+00:00
1045,38,DE,102,Monitor 27,Displays,5,349.0,0.0,1745.0,2026-03-07T07:06:00+00:00
1046,58,ES,101,Laptop Pro,Computers,5,1299.0,0.1,5845.5,2026-06-07T10:33:00+00:00
1047,29,ES,106,Webcam HD,Accessories,5,99.0,0.05,470.25,2026-02-13T06:04:00+00:00
1048,66,FR,107,Server Mini,Servers,3,2199.0,0.0,6597.0,2026-06-18T15:52:00+00:00
1049,49,BE,104,Mouse,Accessories,4,49.0,0.0,196.0,2026-04-11T12:16:00+00:00
1050,7,FR,101,Laptop Pro,Computers,3,1299.0,0.0,3897.0,2026-04-23T23:16:00+00:00
1051,100,BE,107,Server Mini,Servers,4,2199.0,0.0,8796.0,2026-06-15T22:20:00+00:00
1052,82,BE,106,Webcam HD,Accessories,3,99.0,0.1,267.3,2026-04-10T12:11:00+00:00
1053,95,IT,105,Dock USB-C,Accessories,2,159.0,0.0,318.0,2026-02-23T13:16:00+00:00
1054,58,ES,102,Monitor 27,Displays,1,349.0,0.0,349.0,2026-02-01T15:19:00+00:00
1055,95,IT,105,Dock USB-C,Accessories,1,159.0,0.05,151.05,2026-01-08T09:32:00+00:00
1056,55,ES,103,Keyboard,Accessories,5,79.0,0.0,395.0,2026-01-24T16:16:00+00:00
1057,21,DE,105,Dock USB-C,Accessories,3,159.0,0.0,477.0,2026-03-02T04:15:00+00:00
1058,60,BE,106,Webcam HD,Accessories,2,99.0,0.0,198.0,2026-01-28T23:32:00+00:00
1059,42,IT,105,Dock USB-C,Accessories,1,159.0,0.1,143.1,2026-06-03T11:44:00+00:00
1060,85,FR,103,Keyboard,Accessories,4,79.0,0.1,284.4,2026-04-11T03:41:00+00:00
1061,46,BE,101,Laptop Pro,Computers,3,1299.0,0.1,3507.3,2026-02-10T01:01:00+00:00
1062,24,IT,105,Dock USB-C,Accessories,1,159.0,0.1,143.1,2026-01-30T00:18:00+00:00
1063,54,BE,105,Dock USB-C,Accessories,5,159.0,0.05,755.25,2026-01-17T17:42:00+00:00
1064,45,DE,102,Monitor 27,Displays,2,349.0,0.0,698.0,2026-03-02T06:27:00+00:00
1065,47,DE,103,Keyboard,Accessories,2,79.0,0.1,142.2,2026-04-07T13:47:00+00:00
1066,61,IT,105,Dock USB-C,Accessories,1,159.0,0.0,159.0,2026-05-02T18:38:00+00:00
1067,45,DE,104,Mouse,Accessories,2,49.0,0.1,88.2,2026-06-17T05:27:00+00:00
1068,80,DE,102,Monitor 27,Displays,1,349.0,0.0,349.0,2026-03-11T10:14:00+00:00
1069,15,FR,104,Mouse,Accessories,3,49.0,0.1,132.3,2026-05-12T19:05:00+00:00
1070,37,BE,101,Laptop Pro,Computers,5,1299.0,0.0,6495.0,2026-04-04T15:03:00+00:00
1071,66,FR,104,Mouse,Accessories,4,49.0,0.0,196.0,2026-02-23T23:08:00+00:00
1072,84,ES,102,Monitor 27,Displays,3,349.0,0.1,942.3,2026-01-15T23:46:00+00:00
1073,13,BE,102,Monitor 27,Displays,5,349.0,0.1,1570.5,2026-01-02T08:01:00+00:00
1074,81,ES,101,Laptop Pro,Computers,2,1299.0,0.0,2598.0,2026-06-07T11:01:00+00:00
1075,88,DE,104,Mouse,Accessories,1,49.0,0.0,49.0,2026-04-08T21:29:00+00:00
1076,90,BE,106,Webcam HD,Accessories,4,99.0,0.0,396.0,2026-05-16T23:12:00+00:00
1077,88,DE,102,Monitor 27,Displays,1,349.0,0.05,331.55,2026-05-11T12:02:00+00:00
1078,43,DE,101,Laptop Pro,Computers,1,1299.0,0.0,1299.0,2026-01-10T21:06:00+00:00
1079,23,FR,107,Server Mini,Servers,3,2199.0,0.1,5937.3,2026-01-13T19:45:00+00:00
1080,74,DE,107,Server Mini,Servers,2,2199.0,0.0,4398.0,2026-03-16T04:58:00+00:00
1081,50,DE,104,Mouse,Accessories,4,49.0,0.05,186.2,2026-02-27T14:23:00+00:00
1082,3,BE,104,Mouse,Accessories,1,49.0,0.1,44.1,2026-01-02T01:46:00+00:00
1083,83,DE,106,Webcam HD,Accessories,5,99.0,0.0,495.0,2026-05-18T14:50:00+00:00
1084,96,BE,105,Dock USB-C,Accessories,1,159.0,0.0,159.0,2026-03-07T02:48:00+00:00
1085,65,IT,101,Laptop Pro,Computers,3,1299.0,0.0,3897.0,2026-04-21T10:07:00+00:00
1086,12,ES,103,Keyboard,Accessories,4,79.0,0.05,300.2,2026-03-13T22:16:00+00:00
1087,85,FR,101,Laptop Pro,Computers,4,1299.0,0.0,5196.0,2026-04-08T02:45:00+00:00
1088,29,ES,102,Monitor 27,Displays,4,349.0,0.1,1256.4,2026-02-23T16:46:00+00:00
1089,82,BE,102,Monitor 27,Displays,3,349.0,0.0,1047.0,2026-06-22T20:16:00+00:00
1090,2,DE,105,Dock USB-C,Accessories,5,159.0,0.0,795.0,2026-01-23T10:25:00+00:00
1091,6,ES,101,Laptop Pro,Computers,5,1299.0,0.1,5845.5,2026-03-13T17:46:00+00:00
1092,69,DE,105,Dock USB-C,Accessories,1,159.0,0.0,159.0,2026-02-08T05:44:00+00:00
1093,96,BE,106,Webcam HD,Accessories,3,99.0,0.0,297.0,2026-03-17T02:54:00+00:00
1094,83,DE,107,Server Mini,Servers,5,2199.0,0.0,10995.0,2026-01-30T07:13:00+00:00
1095,24,IT,102,Monitor 27,Displays,5,349.0,0.0,1745.0,2026-02-05T09:01:00+00:00
1096,15,FR,102,Monitor 27,Displays,5,349.0,0.0,1745.0,2026-06-04T23:46:00+00:00
1097,97,ES,105,Dock USB-C,Accessories,4,159.0,0.1,572.4,2026-01-14T07:34:00+00:00
1098,38,DE,106,Webcam HD,Accessories,1,99.0,0.0,99.0,2026-01-18T21:03:00+00:00
1099,26,FR,106,Webcam HD,Accessories,5,99.0,0.05,470.25,2026-06-23T05:20:00+00:00
1100,43,DE,103,Keyboard,Accessories,2,79.0,0.0,158.0,2026-01-19T05:06:00+00:00
1101,37,BE,105,Dock USB-C,Accessories,1,159.0,0.0,159.0,2026-02-27T20:25:00+00:00
1102,63,BE,104,Mouse,Accessories,3,49.0,0.1,132.3,2026-05-01T01:03:00+00:00
1103,40,BE,106,Webcam HD,Accessories,5,99.0,0.0,495.0,2026-04-13T22:56:00+00:00
1104,73,DE,103,Keyboard,Accessories,3,79.0,0.05,225.15,2026-01-31T16:47:00+00:00
1105,1,FR,103,Keyboard,Accessories,2,79.0,0.0,158.0,2026-05-10T15:38:00+00:00
1106,95,IT,106,Webcam HD,Accessories,4,99.0,0.0,396.0,2026-06-02T22:29:00+00:00
1107,47,DE,102,Monitor 27,Displays,3,349.0,0.05,994.65,2026-03-26T06:12:00+00:00
1108,58,ES,103,Keyboard,Accessories,3,79.0,0.05,225.15,2026-04-11T10:17:00+00:00
1109,14,ES,102,Monitor 27,Displays,5,349.0,0.0,1745.0,2026-06-03T05:50:00+00:00
1110,36,DE,107,Server Mini,Servers,2,2199.0,0.1,3958.2,2026-02-05T18:13:00+00:00
1111,34,DE,106,Webcam HD,Accessories,1,99.0,0.0,99.0,2026-06-12T09:40:00+00:00
1112,3,BE,107,Server Mini,Servers,5,2199.0,0.0,10995.0,2026-05-28T22:29:00+00:00
1113,75,BE,105,Dock USB-C,Accessories,4,159.0,0.1,572.4,2026-02-08T17:33:00+00:00
1114,5,ES,105,Dock USB-C,Accessories,3,159.0,0.1,429.3,2026-06-12T17:53:00+00:00
1115,70,FR,104,Mouse,Accessories,2,49.0,0.0,98.0,2026-03-13T10:51:00+00:00
1116,29,ES,107,Server Mini,Servers,5,2199.0,0.0,10995.0,2026-01-25T08:56:00+00:00
1117,60,BE,105,Dock USB-C,Accessories,5,159.0,0.0,795.0,2026-03-14T05:34:00+00:00
1118,47,DE,105,Dock USB-C,Accessories,1,159.0,0.0,159.0,2026-06-04T08:53:00+00:00
1119,79,FR,106,Webcam HD,Accessories,2,99.0,0.1,178.2,2026-01-26T13:17:00+00:00
1120,58,ES,102,Monitor 27,Displays,2,349.0,0.1,628.2,2026-06-22T16:59:00+00:00
1121,73,DE,106,Webcam HD,Accessories,2,99.0,0.05,188.1,2026-06-20T23:19:00+00:00
1122,46,BE,101,Laptop Pro,Computers,2,1299.0,0.05,2468.1,2026-02-12T04:31:00+00:00
1123,9,BE,103,Keyboard,Accessories,3,79.0,0.0,237.0,2026-01-08T19:01:00+00:00
1124,86,DE,102,Monitor 27,Displays,5,349.0,0.0,1745.0,2026-03-12T15:36:00+00:00
1125,61,IT,104,Mouse,Accessories,1,49.0,0.0,49.0,2026-04-29T01:26:00+00:00
1126,42,IT,101,Laptop Pro,Computers,5,1299.0,0.0,6495.0,2026-06-01T23:36:00+00:00
1127,95,IT,103,Keyboard,Accessories,5,79.0,0.1,355.5,2026-04-14T19:04:00+00:00
1128,23,FR,104,Mouse,Accessories,4,49.0,0.0,196.0,2026-04-17T23:36:00+00:00
1129,84,ES,107,Server Mini,Servers,1,2199.0,0.1,1979.1,2026-02-15T19:11:00+00:00
1130,49,BE,102,Monitor 27,Displays,5,349.0,0.05,1657.75,2026-03-06T05:50:00+00:00
1131,45,DE,104,Mouse,Accessories,4,49.0,0.1,176.4,2026-01-02T04:49:00+00:00
1132,65,IT,102,Monitor 27,Displays,4,349.0,0.0,1396.0,2026-02-11T20:50:00+00:00
1133,10,ES,105,Dock USB-C,Accessories,3,159.0,0.0,477.0,2026-01-28T08:24:00+00:00
1134,24,IT,102,Monitor 27,Displays,3,349.0,0.1,942.3,2026-05-11T13:56:00+00:00
1135,16,IT,106,Webcam HD,Accessories,2,99.0,0.05,188.1,2026-05-28T16:04:00+00:00
1136,43,DE,106,Webcam HD,Accessories,1,99.0,0.05,94.05,2026-05-03T22:07:00+00:00
1137,62,FR,104,Mouse,Accessories,2,49.0,0.1,88.2,2026-01-30T08:29:00+00:00
1138,83,DE,107,Server Mini,Servers,4,2199.0,0.0,8796.0,2026-02-14T08:36:00+00:00
1139,6,ES,102,Monitor 27,Displays,5,349.0,0.1,1570.5,2026-01-30T07:59:00+00:00
1140,18,BE,106,Webcam HD,Accessories,5,99.0,0.0,495.0,2026-06-12T03:57:00+00:00
1141,74,DE,102,Monitor 27,Displays,1,349.0,0.0,349.0,2026-02-17T00:21:00+00:00
1142,24,IT,105,Dock USB-C,Accessories,4,159.0,0.1,572.4,2026-04-13T14:25:00+00:00
1143,82,BE,101,Laptop Pro,Computers,3,1299.0,0.0,3897.0,2026-02-09T10:18:00+00:00
1144,58,ES,105,Dock USB-C,Accessories,4,159.0,0.05,604.2,2026-02-01T01:13:00+00:00
1145,29,ES,107,Server Mini,Servers,4,2199.0,0.1,7916.4,2026-01-26T23:31:00+00:00
1146,75,BE,107,Server Mini,Servers,2,2199.0,0.1,3958.2,2026-05-01T02:02:00+00:00
1147,66,FR,103,Keyboard,Accessories,2,79.0,0.0,158.0,2026-06-17T21:49:00+00:00
1148,59,DE,105,Dock USB-C,Accessories,5,159.0,0.0,795.0,2026-02-11T20:04:00+00:00
1149,49,BE,104,Mouse,Accessories,2,49.0,0.0,98.0,2026-01-04T00:21:00+00:00
1150,26,FR,105,Dock USB-C,Accessories,5,159.0,0.05,755.25,2026-05-31T11:05:00+00:00
1151,20,IT,105,Dock USB-C,Accessories,1,159.0,0.0,159.0,2026-03-28T15:06:00+00:00
1152,79,FR,105,Dock USB-C,Accessories,1,159.0,0.1,143.1,2026-04-02T15:04:00+00:00
1153,97,ES,101,Laptop Pro,Computers,1,1299.0,0.05,1234.05,2026-05-01T00:55:00+00:00
1154,17,DE,105,Dock USB-C,Accessories,5,159.0,0.0,795.0,2026-06-13T06:55:00+00:00
1155,100,BE,106,Webcam HD,Accessories,4,99.0,0.1,356.4,2026-03-18T13:59:00+00:00
1156,48,DE,107,Server Mini,Servers,1,2199.0,0.1,1979.1,2026-03-20T02:08:00+00:00
1157,30,FR,107,Server Mini,Servers,4,2199.0,0.05,8356.2,2026-03-05T19:26:00+00:00
1158,76,FR,107,Server Mini,Servers,5,2199.0,0.0,10995.0,2026-03-19T10:59:00+00:00
1159,18,BE,103,Keyboard,Accessories,4,79.0,0.0,316.0,2026-06-15T16:13:00+00:00
1160,11,ES,103,Keyboard,Accessories,5,79.0,0.1,355.5,2026-03-16T09:24:00+00:00
1161,33,FR,102,Monitor 27,Displays,1,349.0,0.0,349.0,2026-04-16T05:15:00+00:00
1162,67,IT,101,Laptop Pro,Computers,5,1299.0,0.0,6495.0,2026-03-10T06:31:00+00:00
1163,84,ES,102,Monitor 27,Displays,3,349.0,0.05,994.65,2026-03-07T22:46:00+00:00
1164,14,ES,102,Monitor 27,Displays,4,349.0,0.1,1256.4,2026-02-16T04:08:00+00:00
1165,34,DE,107,Server Mini,Servers,5,2199.0,0.05,10445.25,2026-04-13T19:04:00+00:00
1166,47,DE,105,Dock USB-C,Accessories,3,159.0,0.05,453.15,2026-05-18T10:31:00+00:00
1167,27,DE,104,Mouse,Accessories,5,49.0,0.1,220.5,2026-03-29T19:56:00+00:00
1168,23,FR,103,Keyboard,Accessories,5,79.0,0.1,355.5,2026-03-30T01:34:00+00:00
1169,33,FR,103,Keyboard,Accessories,5,79.0,0.0,395.0,2026-05-21T22:30:00+00:00
1170,91,FR,104,Mouse,Accessories,2,49.0,0.0,98.0,2026-05-17T03:15:00+00:00
1171,30,FR,104,Mouse,Accessories,2,49.0,0.0,98.0,2026-02-09T00:58:00+00:00
1172,66,FR,104,Mouse,Accessories,3,49.0,0.1,132.3,2026-04-22T18:43:00+00:00
1173,90,BE,106,Webcam HD,Accessories,1,99.0,0.0,99.0,2026-03-12T20:01:00+00:00
1174,82,BE,101,Laptop Pro,Computers,1,1299.0,0.0,1299.0,2026-03-27T20:45:00+00:00
1175,77,DE,104,Mouse,Accessories,1,49.0,0.0,49.0,2026-02-17T21:27:00+00:00
1176,29,ES,103,Keyboard,Accessories,1,79.0,0.1,71.1,2026-01-07T20:57:00+00:00
1177,93,ES,104,Mouse,Accessories,4,49.0,0.1,176.4,2026-04-30T10:52:00+00:00
1178,67,IT,103,Keyboard,Accessories,5,79.0,0.0,395.0,2026-06-22T03:53:00+00:00
1179,100,BE,107,Server Mini,Servers,2,2199.0,0.05,4178.1,2026-03-21T21:53:00+00:00
1180,2,DE,102,Monitor 27,Displays,5,349.0,0.0,1745.0,2026-02-05T10:51:00+00:00
1181,5,ES,107,Server Mini,Servers,5,2199.0,0.1,9895.5,2026-04-04T21:37:00+00:00
1182,90,BE,102,Monitor 27,Displays,5,349.0,0.0,1745.0,2026-05-03T16:51:00+00:00
1183,5,ES,103,Keyboard,Accessories,2,79.0,0.0,158.0,2026-01-29T15:53:00+00:00
1184,12,ES,103,Keyboard,Accessories,4,79.0,0.0,316.0,2026-05-02T21:47:00+00:00
1185,51,IT,104,Mouse,Accessories,5,49.0,0.0,245.0,2026-04-05T06:03:00+00:00
1186,2,DE,106,Webcam HD,Accessories,1,99.0,0.0,99.0,2026-04-11T01:12:00+00:00
1187,37,BE,106,Webcam HD,Accessories,5,99.0,0.1,445.5,2026-03-05T08:51:00+00:00
1188,45,DE,107,Server Mini,Servers,3,2199.0,0.0,6597.0,2026-04-21T09:14:00+00:00
1189,25,FR,104,Mouse,Accessories,4,49.0,0.1,176.4,2026-01-01T20:19:00+00:00
1190,34,DE,102,Monitor 27,Displays,4,349.0,0.1,1256.4,2026-01-20T09:09:00+00:00
1191,72,ES,101,Laptop Pro,Computers,5,1299.0,0.0,6495.0,2026-03-03T21:20:00+00:00
1192,15,FR,107,Server Mini,Servers,5,2199.0,0.0,10995.0,2026-06-09T11:47:00+00:00
1193,69,DE,107,Server Mini,Servers,5,2199.0,0.0,10995.0,2026-05-07T08:58:00+00:00
1194,57,ES,104,Mouse,Accessories,5,49.0,0.05,232.75,2026-05-21T04:02:00+00:00
1195,32,FR,107,Server Mini,Servers,3,2199.0,0.05,6267.15,2026-05-05T01:55:00+00:00
1196,59,DE,105,Dock USB-C,Accessories,1,159.0,0.05,151.05,2026-01-22T03:59:00+00:00
1197,34,DE,101,Laptop Pro,Computers,4,1299.0,0.0,5196.0,2026-05-04T05:28:00+00:00
1198,90,BE,102,Monitor 27,Displays,3,349.0,0.05,994.65,2026-03-06T06:42:00+00:00
1199,67,IT,105,Dock USB-C,Accessories,1,159.0,0.0,159.0,2026-02-15T04:39:00+00:00
1200,37,BE,101,Laptop Pro,Computers,4,1299.0,0.0,5196.0,2026-01-14T20:10:00+00:00
1201,71,FR,102,Monitor 27,Displays,4,349.0,0.0,1396.0,2026-03-06T08:37:00+00:00
1202,28,ES,105,Dock USB-C,Accessories,3,159.0,0.0,477.0,2026-06-22T10:01:00+00:00
1203,96,BE,106,Webcam HD,Accessories,2,99.0,0.05,188.1,2026-05-15T04:29:00+00:00
1204,26,FR,102,Monitor 27,Displays,2,349.0,0.0,698.0,2026-02-07T15:25:00+00:00
1205,30,FR,102,Monitor 27,Displays,2,349.0,0.1,628.2,2026-03-06T19:30:00+00:00
1206,20,IT,107,Server Mini,Servers,1,2199.0,0.0,2199.0,2026-06-17T12:21:00+00:00
1207,11,ES,106,Webcam HD,Accessories,4,99.0,0.1,356.4,2026-01-02T04:56:00+00:00
1208,98,IT,107,Server Mini,Servers,5,2199.0,0.0,10995.0,2026-06-04T09:00:00+00:00
1209,62,FR,103,Keyboard,Accessories,5,79.0,0.0,395.0,2026-03-31T15:04:00+00:00
1210,74,DE,107,Server Mini,Servers,3,2199.0,0.05,6267.15,2026-02-03T06:58:00+00:00
1211,98,IT,105,Dock USB-C,Accessories,3,159.0,0.05,453.15,2026-02-10T10:20:00+00:00
1212,97,ES,105,Dock USB-C,Accessories,2,159.0,0.0,318.0,2026-04-06T16:58:00+00:00
1213,55,ES,104,Mouse,Accessories,5,49.0,0.0,245.0,2026-04-02T11:20:00+00:00
1214,45,DE,104,Mouse,Accessories,2,49.0,0.05,93.1,2026-01-22T21:53:00+00:00
1215,90,BE,105,Dock USB-C,Accessories,4,159.0,0.0,636.0,2026-05-06T11:12:00+00:00
1216,2,DE,101,Laptop Pro,Computers,2,1299.0,0.05,2468.1,2026-04-16T18:27:00+00:00
1217,13,BE,103,Keyboard,Accessories,3,79.0,0.1,213.3,2026-06-06T21:26:00+00:00
1218,34,DE,102,Monitor 27,Displays,5,349.0,0.0,1745.0,2026-02-13T04:04:00+00:00
1219,35,DE,104,Mouse,Accessories,5,49.0,0.0,245.0,2026-03-08T14:44:00+00:00
1220,24,IT,104,Mouse,Accessories,4,49.0,0.0,196.0,2026-03-18T07:02:00+00:00
1221,90,BE,107,Server Mini,Servers,3,2199.0,0.0,6597.0,2026-06-05T12:36:00+00:00
1222,52,IT,103,Keyboard,Accessories,4,79.0,0.0,316.0,2026-04-15T00:31:00+00:00
1223,17,DE,105,Dock USB-C,Accessories,2,159.0,0.0,318.0,2026-05-12T05:17:00+00:00
1224,35,DE,107,Server Mini,Servers,2,2199.0,0.1,3958.2,2026-03-20T16:23:00+00:00
1225,49,BE,102,Monitor 27,Displays,2,349.0,0.0,698.0,2026-03-28T02:30:00+00:00
1226,2,DE,102,Monitor 27,Displays,4,349.0,0.05,1326.2,2026-01-25T11:30:00+00:00
1227,81,ES,105,Dock USB-C,Accessories,5,159.0,0.0,795.0,2026-05-23T23:10:00+00:00
1228,63,BE,103,Keyboard,Accessories,3,79.0,0.1,213.3,2026-06-06T06:51:00+00:00
1229,73,DE,101,Laptop Pro,Computers,4,1299.0,0.0,5196.0,2026-05-06T17:01:00+00:00
1230,21,DE,101,Laptop Pro,Computers,2,1299.0,0.0,2598.0,2026-03-28T18:01:00+00:00
1231,81,ES,101,Laptop Pro,Computers,4,1299.0,0.0,5196.0,2026-02-17T06:56:00+00:00
1232,47,DE,103,Keyboard,Accessories,5,79.0,0.1,355.5,2026-06-19T15:17:00+00:00
1233,33,FR,103,Keyboard,Accessories,1,79.0,0.05,75.05,2026-01-23T01:41:00+00:00
1234,45,DE,107,Server Mini,Servers,5,2199.0,0.0,10995.0,2026-04-16T00:18:00+00:00
1235,74,DE,106,Webcam HD,Accessories,5,99.0,0.0,495.0,2026-05-23T01:13:00+00:00
1236,37,BE,103,Keyboard,Accessories,3,79.0,0.1,213.3,2026-03-30T17:53:00+00:00
1237,100,BE,106,Webcam HD,Accessories,4,99.0,0.0,396.0,2026-03-11T08:55:00+00:00
1238,79,FR,103,Keyboard,Accessories,4,79.0,0.0,316.0,2026-06-08T01:28:00+00:00
1239,22,ES,106,Webcam HD,Accessories,3,99.0,0.05,282.15,2026-04-25T22:04:00+00:00
1240,79,FR,105,Dock USB-C,Accessories,4,159.0,0.0,636.0,2026-01-15T09:38:00+00:00
1241,21,DE,103,Keyboard,Accessories,2,79.0,0.0,158.0,2026-02-27T16:27:00+00:00
1242,84,ES,103,Keyboard,Accessories,3,79.0,0.1,213.3,2026-04-28T08:29:00+00:00
1243,51,IT,103,Keyboard,Accessories,4,79.0,0.0,316.0,2026-05-17T03:36:00+00:00
1244,76,FR,105,Dock USB-C,Accessories,4,159.0,0.05,604.2,2026-01-31T11:01:00+00:00
1245,24,IT,107,Server Mini,Servers,1,2199.0,0.0,2199.0,2026-05-13T11:41:00+00:00
1246,31,BE,106,Webcam HD,Accessories,3,99.0,0.0,297.0,2026-02-08T08:00:00+00:00
1247,22,ES,104,Mouse,Accessories,1,49.0,0.0,49.0,2026-01-12T14:42:00+00:00
1248,61,IT,105,Dock USB-C,Accessories,1,159.0,0.0,159.0,2026-05-21T08:15:00+00:00
1249,51,IT,105,Dock USB-C,Accessories,1,159.0,0.0,159.0,2026-02-17T18:40:00+00:00
1250,80,DE,102,Monitor 27,Displays,1,349.0,0.05,331.55,2026-02-26T07:39:00+00:00
1251,30,FR,102,Monitor 27,Displays,3,349.0,0.05,994.65,2026-04-25T01:08:00+00:00
1252,17,DE,102,Monitor 27,Displays,5,349.0,0.0,1745.0,2026-01-06T04:49:00+00:00
1253,5,ES,106,Webcam HD,Accessories,3,99.0,0.0,297.0,2026-06-07T07:55:00+00:00
1254,61,IT,104,Mouse,Accessories,5,49.0,0.0,245.0,2026-04-10T20:37:00+00:00
1255,57,ES,102,Monitor 27,Displays,5,349.0,0.0,1745.0,2026-04-18T13:22:00+00:00
1256,77,DE,104,Mouse,Accessories,5,49.0,0.05,232.75,2026-04-06T07:01:00+00:00
1257,82,BE,106,Webcam HD,Accessories,5,99.0,0.0,495.0,2026-06-15T11:08:00+00:00
1258,45,DE,104,Mouse,Accessories,5,49.0,0.0,245.0,2026-05-27T11:49:00+00:00
1259,12,ES,104,Mouse,Accessories,3,49.0,0.0,147.0,2026-03-17T00:56:00+00:00
1260,34,DE,102,Monitor 27,Displays,3,349.0,0.0,1047.0,2026-01-01T00:24:00+00:00
1261,67,IT,107,Server Mini,Servers,2,2199.0,0.0,4398.0,2026-02-22T04:53:00+00:00
1262,61,IT,105,Dock USB-C,Accessories,1,159.0,0.05,151.05,2026-06-22T09:19:00+00:00
1263,97,ES,104,Mouse,Accessories,3,49.0,0.0,147.0,2026-05-20T10:08:00+00:00
1264,56,DE,107,Server Mini,Servers,3,2199.0,0.1,5937.3,2026-02-12T02:11:00+00:00
1265,1,FR,105,Dock USB-C,Accessories,3,159.0,0.0,477.0,2026-03-16T22:54:00+00:00
1266,72,ES,104,Mouse,Accessories,4,49.0,0.0,196.0,2026-01-30T17:20:00+00:00
1267,92,IT,106,Webcam HD,Accessories,4,99.0,0.05,376.2,2026-02-10T03:46:00+00:00
1268,34,DE,101,Laptop Pro,Computers,4,1299.0,0.0,5196.0,2026-04-05T01:06:00+00:00
1269,98,IT,107,Server Mini,Servers,5,2199.0,0.0,10995.0,2026-02-21T19:46:00+00:00
1270,84,ES,106,Webcam HD,Accessories,5,99.0,0.0,495.0,2026-03-17T04:00:00+00:00
1271,25,FR,107,Server Mini,Servers,1,2199.0,0.0,2199.0,2026-01-25T20:55:00+00:00
1272,38,DE,101,Laptop Pro,Computers,4,1299.0,0.1,4676.4,2026-03-24T10:10:00+00:00
1273,35,DE,106,Webcam HD,Accessories,5,99.0,0.05,470.25,2026-02-04T04:27:00+00:00
1274,42,IT,101,Laptop Pro,Computers,2,1299.0,0.0,2598.0,2026-04-08T09:19:00+00:00
1275,3,BE,102,Monitor 27,Displays,1,349.0,0.0,349.0,2026-02-19T00:07:00+00:00
1276,17,DE,106,Webcam HD,Accessories,4,99.0,0.0,396.0,2026-02-12T09:09:00+00:00
1277,12,ES,102,Monitor 27,Displays,1,349.0,0.05,331.55,2026-02-09T12:54:00+00:00
1278,44,ES,104,Mouse,Accessories,3,49.0,0.05,139.65,2026-03-09T14:39:00+00:00
1279,60,BE,106,Webcam HD,Accessories,1,99.0,0.0,99.0,2026-01-15T14:30:00+00:00
1280,97,ES,102,Monitor 27,Displays,1,349.0,0.0,349.0,2026-05-22T04:52:00+00:00
1281,51,IT,101,Laptop Pro,Computers,5,1299.0,0.05,6170.25,2026-02-03T01:26:00+00:00
1282,25,FR,107,Server Mini,Servers,3,2199.0,0.05,6267.15,2026-05-31T18:41:00+00:00
1283,2,DE,101,Laptop Pro,Computers,2,1299.0,0.05,2468.1,2026-05-21T09:32:00+00:00
1284,57,ES,102,Monitor 27,Displays,1,349.0,0.0,349.0,2026-03-25T21:25:00+00:00
1285,95,IT,107,Server Mini,Servers,1,2199.0,0.1,1979.1,2026-05-02T05:49:00+00:00
1286,27,DE,104,Mouse,Accessories,4,49.0,0.0,196.0,2026-06-20T10:23:00+00:00
1287,42,IT,102,Monitor 27,Displays,1,349.0,0.1,314.1,2026-04-05T19:57:00+00:00
1288,16,IT,103,Keyboard,Accessories,4,79.0,0.0,316.0,2026-02-06T04:14:00+00:00
1289,47,DE,101,Laptop Pro,Computers,2,1299.0,0.0,2598.0,2026-02-12T22:57:00+00:00
1290,82,BE,104,Mouse,Accessories,3,49.0,0.0,147.0,2026-01-31T11:12:00+00:00
1291,36,DE,105,Dock USB-C,Accessories,1,159.0,0.05,151.05,2026-05-24T15:49:00+00:00
1292,32,FR,101,Laptop Pro,Computers,1,1299.0,0.1,1169.1,2026-05-23T15:03:00+00:00
1293,89,BE,104,Mouse,Accessories,5,49.0,0.0,245.0,2026-03-09T14:39:00+00:00
1294,99,ES,101,Laptop Pro,Computers,2,1299.0,0.0,2598.0,2026-04-02T00:10:00+00:00
1295,12,ES,106,Webcam HD,Accessories,5,99.0,0.0,495.0,2026-06-19T10:56:00+00:00
1296,98,IT,106,Webcam HD,Accessories,1,99.0,0.0,99.0,2026-03-06T17:16:00+00:00
1297,83,DE,102,Monitor 27,Displays,5,349.0,0.0,1745.0,2026-01-23T21:44:00+00:00
1298,63,BE,102,Monitor 27,Displays,3,349.0,0.1,942.3,2026-05-24T13:16:00+00:00
1299,83,DE,107,Server Mini,Servers,3,2199.0,0.05,6267.15,2026-05-14T11:21:00+00:00
1300,25,FR,101,Laptop Pro,Computers,4,1299.0,0.0,5196.0,2026-05-12T20:56:00+00:00
1301,18,BE,103,Keyboard,Accessories,1,79.0,0.05,75.05,2026-05-09T15:17:00+00:00
1302,57,ES,105,Dock USB-C,Accessories,3,159.0,0.1,429.3,2026-05-07T21:24:00+00:00
1303,63,BE,102,Monitor 27,Displays,5,349.0,0.0,1745.0,2026-04-09T23:06:00+00:00
1304,45,DE,103,Keyboard,Accessories,4,79.0,0.0,316.0,2026-06-07T22:52:00+00:00
1305,77,DE,107,Server Mini,Servers,5,2199.0,0.0,10995.0,2026-01-13T12:55:00+00:00
1306,68,IT,102,Monitor 27,Displays,4,349.0,0.0,1396.0,2026-05-30T04:05:00+00:00
1307,34,DE,105,Dock USB-C,Accessories,3,159.0,0.05,453.15,2026-01-01T03:08:00+00:00
1308,100,BE,106,Webcam HD,Accessories,5,99.0,0.05,470.25,2026-05-14T13:23:00+00:00
1309,24,IT,101,Laptop Pro,Computers,5,1299.0,0.0,6495.0,2026-05-22T06:28:00+00:00
1310,80,DE,102,Monitor 27,Displays,3,349.0,0.0,1047.0,2026-04-30T20:06:00+00:00
1311,69,DE,107,Server Mini,Servers,4,2199.0,0.0,8796.0,2026-04-06T09:41:00+00:00
1312,88,DE,104,Mouse,Accessories,5,49.0,0.0,245.0,2026-04-22T14:24:00+00:00
1313,37,BE,103,Keyboard,Accessories,4,79.0,0.0,316.0,2026-01-21T02:37:00+00:00
1314,13,BE,105,Dock USB-C,Accessories,1,159.0,0.0,159.0,2026-06-02T01:00:00+00:00
1315,17,DE,102,Monitor 27,Displays,1,349.0,0.0,349.0,2026-01-20T11:43:00+00:00
1316,63,BE,102,Monitor 27,Displays,1,349.0,0.0,349.0,2026-04-14T22:47:00+00:00
1317,83,DE,107,Server Mini,Servers,4,2199.0,0.05,8356.2,2026-04-06T17:20:00+00:00
1318,80,DE,106,Webcam HD,Accessories,5,99.0,0.0,495.0,2026-01-09T22:27:00+00:00
1319,47,DE,102,Monitor 27,Displays,5,349.0,0.0,1745.0,2026-01-03T09:10:00+00:00
1320,27,DE,106,Webcam HD,Accessories,4,99.0,0.0,396.0,2026-03-27T04:58:00+00:00
1321,82,BE,101,Laptop Pro,Computers,3,1299.0,0.1,3507.3,2026-05-16T08:18:00+00:00
1322,54,BE,107,Server Mini,Servers,3,2199.0,0.0,6597.0,2026-05-30T22:33:00+00:00
1323,79,FR,103,Keyboard,Accessories,5,79.0,0.0,395.0,2026-05-14T16:12:00+00:00
1324,10,ES,107,Server Mini,Servers,3,2199.0,0.0,6597.0,2026-06-21T23:02:00+00:00
1325,28,ES,105,Dock USB-C,Accessories,1,159.0,0.0,159.0,2026-05-13T00:19:00+00:00
1326,30,FR,105,Dock USB-C,Accessories,4,159.0,0.0,636.0,2026-02-05T03:45:00+00:00
1327,68,IT,106,Webcam HD,Accessories,2,99.0,0.1,178.2,2026-04-24T20:05:00+00:00
1328,23,FR,105,Dock USB-C,Accessories,5,159.0,0.05,755.25,2026-05-16T19:47:00+00:00
1329,14,ES,107,Server Mini,Servers,5,2199.0,0.0,10995.0,2026-05-03T18:54:00+00:00
1330,59,DE,106,Webcam HD,Accessories,4,99.0,0.0,396.0,2026-01-31T08:48:00+00:00
1331,24,IT,105,Dock USB-C,Accessories,4,159.0,0.1,572.4,2026-03-03T10:36:00+00:00
1332,85,FR,102,Monitor 27,Displays,5,349.0,0.1,1570.5,2026-03-22T15:32:00+00:00
1333,46,BE,103,Keyboard,Accessories,5,79.0,0.0,395.0,2026-06-03T19:13:00+00:00
1334,48,DE,104,Mouse,Accessories,4,49.0,0.0,196.0,2026-04-21T18:11:00+00:00
1335,31,BE,105,Dock USB-C,Accessories,5,159.0,0.0,795.0,2026-03-10T06:40:00+00:00
1336,99,ES,105,Dock USB-C,Accessories,3,159.0,0.0,477.0,2026-03-24T08:34:00+00:00
1337,58,ES,104,Mouse,Accessories,1,49.0,0.0,49.0,2026-02-21T18:55:00+00:00
1338,77,DE,101,Laptop Pro,Computers,5,1299.0,0.0,6495.0,2026-06-12T01:53:00+00:00
1339,39,FR,101,Laptop Pro,Computers,3,1299.0,0.0,3897.0,2026-02-09T02:34:00+00:00
1340,41,BE,101,Laptop Pro,Computers,3,1299.0,0.1,3507.3,2026-04-04T01:46:00+00:00
1341,72,ES,105,Dock USB-C,Accessories,5,159.0,0.0,795.0,2026-01-18T03:56:00+00:00
1342,5,ES,104,Mouse,Accessories,3,49.0,0.0,147.0,2026-01-26T04:42:00+00:00
1343,34,DE,103,Keyboard,Accessories,5,79.0,0.0,395.0,2026-02-12T09:58:00+00:00
1344,33,FR,107,Server Mini,Servers,3,2199.0,0.0,6597.0,2026-04-14T20:29:00+00:00
1345,52,IT,105,Dock USB-C,Accessories,2,159.0,0.0,318.0,2026-05-12T17:22:00+00:00
1346,42,IT,107,Server Mini,Servers,4,2199.0,0.0,8796.0,2026-03-30T21:18:00+00:00
1347,89,BE,106,Webcam HD,Accessories,5,99.0,0.0,495.0,2026-04-19T08:36:00+00:00
1348,83,DE,103,Keyboard,Accessories,1,79.0,0.1,71.1,2026-03-11T11:00:00+00:00
1349,11,ES,107,Server Mini,Servers,1,2199.0,0.0,2199.0,2026-03-05T08:07:00+00:00
1350,56,DE,104,Mouse,Accessories,1,49.0,0.0,49.0,2026-05-17T02:39:00+00:00
1351,84,ES,107,Server Mini,Servers,5,2199.0,0.0,10995.0,2026-04-26T09:29:00+00:00
1352,100,BE,106,Webcam HD,Accessories,4,99.0,0.0,396.0,2026-02-25T11:37:00+00:00
1353,68,IT,101,Laptop Pro,Computers,3,1299.0,0.1,3507.3,2026-04-13T20:08:00+00:00
1354,20,IT,103,Keyboard,Accessories,5,79.0,0.0,395.0,2026-01-28T21:19:00+00:00
1355,7,FR,106,Webcam HD,Accessories,4,99.0,0.05,376.2,2026-05-18T01:12:00+00:00
1356,77,DE,105,Dock USB-C,Accessories,5,159.0,0.0,795.0,2026-02-10T10:18:00+00:00
1357,56,DE,103,Keyboard,Accessories,4,79.0,0.0,316.0,2026-01-25T01:32:00+00:00
1358,44,ES,101,Laptop Pro,Computers,4,1299.0,0.1,4676.4,2026-05-16T16:19:00+00:00
1359,7,FR,105,Dock USB-C,Accessories,4,159.0,0.0,636.0,2026-01-16T11:42:00+00:00
1360,52,IT,105,Dock USB-C,Accessories,4,159.0,0.0,636.0,2026-05-19T17:22:00+00:00
1361,18,BE,104,Mouse,Accessories,5,49.0,0.0,245.0,2026-03-30T19:29:00+00:00
1362,51,IT,106,Webcam HD,Accessories,5,99.0,0.0,495.0,2026-04-13T03:46:00+00:00
1363,79,FR,106,Webcam HD,Accessories,5,99.0,0.0,495.0,2026-02-14T02:41:00+00:00
1364,10,ES,103,Keyboard,Accessories,4,79.0,0.0,316.0,2026-05-05T15:39:00+00:00
1365,74,DE,101,Laptop Pro,Computers,1,1299.0,0.05,1234.05,2026-03-19T02:28:00+00:00
1366,47,DE,103,Keyboard,Accessories,2,79.0,0.0,158.0,2026-03-04T17:15:00+00:00
1367,77,DE,106,Webcam HD,Accessories,1,99.0,0.0,99.0,2026-01-31T19:29:00+00:00
1368,45,DE,105,Dock USB-C,Accessories,4,159.0,0.1,572.4,2026-01-27T13:05:00+00:00
1369,57,ES,101,Laptop Pro,Computers,2,1299.0,0.0,2598.0,2026-05-05T18:22:00+00:00
1370,48,DE,102,Monitor 27,Displays,1,349.0,0.0,349.0,2026-05-15T15:16:00+00:00
1371,7,FR,102,Monitor 27,Displays,5,349.0,0.0,1745.0,2026-06-08T03:38:00+00:00
1372,37,BE,101,Laptop Pro,Computers,3,1299.0,0.0,3897.0,2026-02-25T13:04:00+00:00
1373,58,ES,104,Mouse,Accessories,1,49.0,0.0,49.0,2026-02-08T01:10:00+00:00
1374,95,IT,105,Dock USB-C,Accessories,2,159.0,0.0,318.0,2026-04-10T11:21:00+00:00
1375,67,IT,107,Server Mini,Servers,3,2199.0,0.1,5937.3,2026-03-29T22:22:00+00:00
1376,80,DE,106,Webcam HD,Accessories,2,99.0,0.0,198.0,2026-03-10T13:25:00+00:00
1377,75,BE,106,Webcam HD,Accessories,5,99.0,0.0,495.0,2026-02-16T12:06:00+00:00
1378,22,ES,101,Laptop Pro,Computers,3,1299.0,0.0,3897.0,2026-05-24T16:01:00+00:00
1379,90,BE,105,Dock USB-C,Accessories,3,159.0,0.0,477.0,2026-03-26T15:26:00+00:00
1380,84,ES,101,Laptop Pro,Computers,1,1299.0,0.05,1234.05,2026-05-01T05:12:00+00:00
1381,35,DE,106,Webcam HD,Accessories,3,99.0,0.0,297.0,2026-01-04T11:21:00+00:00
1382,38,DE,107,Server Mini,Servers,4,2199.0,0.0,8796.0,2026-03-11T07:18:00+00:00
1383,66,FR,106,Webcam HD,Accessories,1,99.0,0.0,99.0,2026-03-30T05:31:00+00:00
1384,77,DE,105,Dock USB-C,Accessories,1,159.0,0.0,159.0,2026-02-06T04:53:00+00:00
1385,65,IT,104,Mouse,Accessories,5,49.0,0.0,245.0,2026-01-08T05:40:00+00:00
1386,32,FR,105,Dock USB-C,Accessories,3,159.0,0.0,477.0,2026-03-31T04:32:00+00:00
1387,51,IT,106,Webcam HD,Accessories,2,99.0,0.0,198.0,2026-03-05T03:06:00+00:00
1388,88,DE,103,Keyboard,Accessories,3,79.0,0.0,237.0,2026-02-12T23:59:00+00:00
1389,65,IT,103,Keyboard,Accessories,1,79.0,0.0,79.0,2026-06-09T22:59:00+00:00
1390,50,DE,107,Server Mini,Servers,1,2199.0,0.1,1979.1,2026-06-22T18:45:00+00:00
1391,36,DE,102,Monitor 27,Displays,2,349.0,0.0,698.0,2026-06-13T07:49:00+00:00
1392,51,IT,106,Webcam HD,Accessories,2,99.0,0.0,198.0,2026-05-13T20:56:00+00:00
1393,49,BE,105,Dock USB-C,Accessories,5,159.0,0.0,795.0,2026-03-17T23:21:00+00:00
1394,31,BE,105,Dock USB-C,Accessories,2,159.0,0.05,302.1,2026-02-26T20:49:00+00:00
1395,78,BE,103,Keyboard,Accessories,4,79.0,0.1,284.4,2026-01-24T23:43:00+00:00
1396,27,DE,106,Webcam HD,Accessories,2,99.0,0.1,178.2,2026-04-09T13:12:00+00:00
1397,88,DE,107,Server Mini,Servers,2,2199.0,0.0,4398.0,2026-02-26T06:02:00+00:00
1398,89,BE,106,Webcam HD,Accessories,5,99.0,0.0,495.0,2026-03-20T06:58:00+00:00
1399,99,ES,102,Monitor 27,Displays,5,349.0,0.0,1745.0,2026-02-27T19:09:00+00:00
1400,9,BE,105,Dock USB-C,Accessories,5,159.0,0.0,795.0,2026-02-03T12:29:00+00:00
1401,41,BE,107,Server Mini,Servers,2,2199.0,0.0,4398.0,2026-05-20T08:14:00+00:00
1402,41,BE,104,Mouse,Accessories,4,49.0,0.0,196.0,2026-03-22T15:30:00+00:00
1403,96,BE,107,Server Mini,Servers,3,2199.0,0.0,6597.0,2026-05-22T19:58:00+00:00
1404,25,FR,101,Laptop Pro,Computers,2,1299.0,0.0,2598.0,2026-01-05T18:27:00+00:00
1405,98,IT,105,Dock USB-C,Accessories,5,159.0,0.0,795.0,2026-04-21T05:55:00+00:00
1406,73,DE,105,Dock USB-C,Accessories,2,159.0,0.1,286.2,2026-02-12T06:25:00+00:00
1407,30,FR,106,Webcam HD,Accessories,1,99.0,0.0,99.0,2026-01-15T11:14:00+00:00
1408,89,BE,107,Server Mini,Servers,4,2199.0,0.0,8796.0,2026-04-02T10:41:00+00:00
1409,78,BE,104,Mouse,Accessories,3,49.0,0.0,147.0,2026-06-05T03:00:00+00:00
1410,50,DE,104,Mouse,Accessories,4,49.0,0.0,196.0,2026-01-30T19:35:00+00:00
1411,25,FR,102,Monitor 27,Displays,1,349.0,0.05,331.55,2026-05-20T04:19:00+00:00
1412,2,DE,103,Keyboard,Accessories,4,79.0,0.0,316.0,2026-05-16T03:26:00+00:00
1413,86,DE,102,Monitor 27,Displays,2,349.0,0.0,698.0,2026-02-02T05:39:00+00:00
1414,57,ES,107,Server Mini,Servers,5,2199.0,0.05,10445.25,2026-05-06T05:19:00+00:00
1415,42,IT,107,Server Mini,Servers,4,2199.0,0.0,8796.0,2026-03-19T20:01:00+00:00
1416,52,IT,107,Server Mini,Servers,1,2199.0,0.1,1979.1,2026-05-14T20:42:00+00:00
1417,49,BE,106,Webcam HD,Accessories,3,99.0,0.05,282.15,2026-04-22T07:42:00+00:00
1418,96,BE,105,Dock USB-C,Accessories,5,159.0,0.1,715.5,2026-04-06T14:46:00+00:00
1419,83,DE,106,Webcam HD,Accessories,1,99.0,0.1,89.1,2026-01-20T21:36:00+00:00
1420,58,ES,104,Mouse,Accessories,1,49.0,0.0,49.0,2026-04-05T10:14:00+00:00
1421,69,DE,104,Mouse,Accessories,1,49.0,0.1,44.1,2026-03-12T12:34:00+00:00
1422,67,IT,107,Server Mini,Servers,1,2199.0,0.0,2199.0,2026-02-23T00:10:00+00:00
1423,57,ES,104,Mouse,Accessories,3,49.0,0.0,147.0,2026-03-25T23:39:00+00:00
1424,22,ES,104,Mouse,Accessories,3,49.0,0.1,132.3,2026-06-17T07:18:00+00:00
1425,7,FR,106,Webcam HD,Accessories,5,99.0,0.0,495.0,2026-03-26T09:24:00+00:00
1426,83,DE,104,Mouse,Accessories,1,49.0,0.1,44.1,2026-01-21T14:27:00+00:00
1427,24,IT,107,Server Mini,Servers,5,2199.0,0.1,9895.5,2026-01-25T15:09:00+00:00
1428,51,IT,104,Mouse,Accessories,3,49.0,0.05,139.65,2026-01-05T12:50:00+00:00
1429,23,FR,104,Mouse,Accessories,5,49.0,0.0,245.0,2026-06-10T15:54:00+00:00
1430,59,DE,101,Laptop Pro,Computers,3,1299.0,0.0,3897.0,2026-05-06T22:09:00+00:00
1431,84,ES,106,Webcam HD,Accessories,2,99.0,0.0,198.0,2026-01-17T14:25:00+00:00
1432,15,FR,106,Webcam HD,Accessories,4,99.0,0.0,396.0,2026-01-16T12:42:00+00:00
1433,68,IT,106,Webcam HD,Accessories,4,99.0,0.1,356.4,2026-04-22T10:11:00+00:00
1434,21,DE,104,Mouse,Accessories,5,49.0,0.05,232.75,2026-01-08T23:49:00+00:00
1435,99,ES,102,Monitor 27,Displays,3,349.0,0.1,942.3,2026-06-08T14:47:00+00:00
1436,85,FR,107,Server Mini,Servers,2,2199.0,0.0,4398.0,2026-06-08T03:55:00+00:00
1437,19,FR,102,Monitor 27,Displays,1,349.0,0.05,331.55,2026-02-26T01:56:00+00:00
1438,40,BE,106,Webcam HD,Accessories,4,99.0,0.0,396.0,2026-04-25T01:00:00+00:00
1439,24,IT,101,Laptop Pro,Computers,2,1299.0,0.0,2598.0,2026-01-01T15:26:00+00:00
1440,80,DE,107,Server Mini,Servers,3,2199.0,0.0,6597.0,2026-03-25T11:50:00+00:00
1441,64,BE,107,Server Mini,Servers,4,2199.0,0.1,7916.4,2026-05-27T23:49:00+00:00
1442,1,FR,105,Dock USB-C,Accessories,4,159.0,0.0,636.0,2026-02-09T11:32:00+00:00
1443,76,FR,106,Webcam HD,Accessories,4,99.0,0.05,376.2,2026-03-16T15:58:00+00:00
1444,57,ES,101,Laptop Pro,Computers,5,1299.0,0.1,5845.5,2026-01-02T04:43:00+00:00
1445,32,FR,105,Dock USB-C,Accessories,3,159.0,0.1,429.3,2026-04-25T10:33:00+00:00
1446,72,ES,107,Server Mini,Servers,2,2199.0,0.0,4398.0,2026-02-03T15:34:00+00:00
1447,19,FR,101,Laptop Pro,Computers,3,1299.0,0.0,3897.0,2026-01-27T11:09:00+00:00
1448,5,ES,106,Webcam HD,Accessories,5,99.0,0.1,445.5,2026-02-24T07:54:00+00:00
1449,43,DE,101,Laptop Pro,Computers,1,1299.0,0.0,1299.0,2026-03-17T21:42:00+00:00
1450,23,FR,102,Monitor 27,Displays,3,349.0,0.1,942.3,2026-05-01T07:37:00+00:00
1451,89,BE,106,Webcam HD,Accessories,5,99.0,0.1,445.5,2026-05-24T07:47:00+00:00
1452,72,ES,102,Monitor 27,Displays,4,349.0,0.1,1256.4,2026-03-07T13:41:00+00:00
1453,5,ES,101,Laptop Pro,Computers,3,1299.0,0.0,3897.0,2026-03-09T02:18:00+00:00
1454,49,BE,107,Server Mini,Servers,1,2199.0,0.05,2089.05,2026-06-03T12:28:00+00:00
1455,71,FR,101,Laptop Pro,Computers,3,1299.0,0.05,3702.15,2026-01-25T11:50:00+00:00
1456,16,IT,106,Webcam HD,Accessories,3,99.0,0.0,297.0,2026-04-06T22:43:00+00:00
1457,53,DE,105,Dock USB-C,Accessories,2,159.0,0.0,318.0,2026-04-22T10:06:00+00:00
1458,8,FR,101,Laptop Pro,Computers,5,1299.0,0.1,5845.5,2026-01-16T23:02:00+00:00
1459,62,FR,106,Webcam HD,Accessories,5,99.0,0.0,495.0,2026-03-19T17:49:00+00:00
1460,78,BE,107,Server Mini,Servers,3,2199.0,0.0,6597.0,2026-04-06T15:28:00+00:00
1461,74,DE,105,Dock USB-C,Accessories,3,159.0,0.0,477.0,2026-04-22T19:52:00+00:00
1462,73,DE,104,Mouse,Accessories,5,49.0,0.05,232.75,2026-03-31T15:47:00+00:00
1463,24,IT,105,Dock USB-C,Accessories,2,159.0,0.0,318.0,2026-02-05T05:39:00+00:00
1464,1,FR,101,Laptop Pro,Computers,1,1299.0,0.05,1234.05,2026-04-24T20:40:00+00:00
1465,16,IT,106,Webcam HD,Accessories,2,99.0,0.1,178.2,2026-03-17T11:33:00+00:00
1466,53,DE,101,Laptop Pro,Computers,3,1299.0,0.0,3897.0,2026-04-13T00:29:00+00:00
1467,82,BE,102,Monitor 27,Displays,1,349.0,0.0,349.0,2026-05-06T14:43:00+00:00
1468,37,BE,103,Keyboard,Accessories,1,79.0,0.0,79.0,2026-02-24T15:57:00+00:00
1469,65,IT,105,Dock USB-C,Accessories,3,159.0,0.0,477.0,2026-01-21T17:21:00+00:00
1470,88,DE,103,Keyboard,Accessories,3,79.0,0.05,225.15,2026-05-12T20:56:00+00:00
1471,73,DE,105,Dock USB-C,Accessories,1,159.0,0.0,159.0,2026-02-05T07:40:00+00:00
1472,43,DE,107,Server Mini,Servers,3,2199.0,0.05,6267.15,2026-06-16T18:46:00+00:00
1473,61,IT,107,Server Mini,Servers,1,2199.0,0.0,2199.0,2026-03-29T15:41:00+00:00
1474,20,IT,106,Webcam HD,Accessories,4,99.0,0.1,356.4,2026-06-13T02:22:00+00:00
1475,43,DE,104,Mouse,Accessories,4,49.0,0.0,196.0,2026-06-02T00:37:00+00:00
1476,67,IT,103,Keyboard,Accessories,5,79.0,0.0,395.0,2026-04-12T01:36:00+00:00
1477,69,DE,101,Laptop Pro,Computers,2,1299.0,0.1,2338.2,2026-05-05T18:57:00+00:00
1478,43,DE,107,Server Mini,Servers,3,2199.0,0.0,6597.0,2026-01-28T04:19:00+00:00
1479,36,DE,107,Server Mini,Servers,1,2199.0,0.0,2199.0,2026-03-10T07:27:00+00:00
1480,81,ES,105,Dock USB-C,Accessories,2,159.0,0.1,286.2,2026-04-21T06:17:00+00:00
1481,50,DE,102,Monitor 27,Displays,5,349.0,0.0,1745.0,2026-06-07T09:28:00+00:00
1482,97,ES,103,Keyboard,Accessories,3,79.0,0.0,237.0,2026-02-19T10:11:00+00:00
1483,53,DE,101,Laptop Pro,Computers,4,1299.0,0.0,5196.0,2026-03-09T15:28:00+00:00
1484,58,ES,107,Server Mini,Servers,3,2199.0,0.0,6597.0,2026-04-06T14:11:00+00:00
1485,39,FR,102,Monitor 27,Displays,1,349.0,0.0,349.0,2026-05-23T21:28:00+00:00
1486,5,ES,107,Server Mini,Servers,2,2199.0,0.0,4398.0,2026-03-22T18:52:00+00:00
1487,65,IT,101,Laptop Pro,Computers,4,1299.0,0.1,4676.4,2026-01-29T01:10:00+00:00
1488,25,FR,103,Keyboard,Accessories,4,79.0,0.1,284.4,2026-02-26T11:58:00+00:00
1489,100,BE,103,Keyboard,Accessories,2,79.0,0.0,158.0,2026-05-30T15:58:00+00:00
1490,67,IT,106,Webcam HD,Accessories,2,99.0,0.0,198.0,2026-05-12T21:41:00+00:00
1491,5,ES,104,Mouse,Accessories,4,49.0,0.1,176.4,2026-01-22T02:05:00+00:00
1492,1,FR,103,Keyboard,Accessories,1,79.0,0.1,71.1,2026-06-08T17:16:00+00:00
1493,12,ES,103,Keyboard,Accessories,4,79.0,0.0,316.0,2026-01-19T18:27:00+00:00
1494,67,IT,107,Server Mini,Servers,3,2199.0,0.0,6597.0,2026-04-16T03:23:00+00:00
1495,98,IT,103,Keyboard,Accessories,2,79.0,0.0,158.0,2026-02-06T12:14:00+00:00
1496,25,FR,103,Keyboard,Accessories,3,79.0,0.1,213.3,2026-02-28T02:23:00+00:00
1497,99,ES,104,Mouse,Accessories,1,49.0,0.0,49.0,2026-01-28T04:23:00+00:00
1498,21,DE,103,Keyboard,Accessories,1,79.0,0.0,79.0,2026-04-24T09:41:00+00:00
1499,72,ES,105,Dock USB-C,Accessories,1,159.0,0.0,159.0,2026-04-09T18:20:00+00:00
1500,45,DE,105,Dock USB-C,Accessories,3,159.0,0.0,477.0,2026-01-26T18:28:00+00:00
1501,91,FR,107,Server Mini,Servers,3,2199.0,0.1,5937.3,2026-02-14T13:39:00+00:00
1502,22,ES,101,Laptop Pro,Computers,3,1299.0,0.1,3507.3,2026-06-12T10:16:00+00:00
1503,44,ES,105,Dock USB-C,Accessories,4,159.0,0.0,636.0,2026-01-24T16:18:00+00:00
1504,4,FR,104,Mouse,Accessories,1,49.0,0.0,49.0,2026-03-11T19:58:00+00:00
1505,7,FR,101,Laptop Pro,Computers,4,1299.0,0.05,4936.2,2026-02-02T13:59:00+00:00
1506,91,FR,105,Dock USB-C,Accessories,5,159.0,0.05,755.25,2026-04-23T04:43:00+00:00
1507,46,BE,103,Keyboard,Accessories,3,79.0,0.0,237.0,2026-05-10T18:42:00+00:00
1508,98,IT,106,Webcam HD,Accessories,5,99.0,0.0,495.0,2026-06-17T23:42:00+00:00
1509,97,ES,107,Server Mini,Servers,4,2199.0,0.1,7916.4,2026-01-24T23:49:00+00:00
1510,12,ES,107,Server Mini,Servers,4,2199.0,0.0,8796.0,2026-03-24T22:28:00+00:00
1511,40,BE,106,Webcam HD,Accessories,4,99.0,0.05,376.2,2026-02-12T04:17:00+00:00
1512,29,ES,102,Monitor 27,Displays,5,349.0,0.0,1745.0,2026-06-16T04:21:00+00:00
1513,47,DE,104,Mouse,Accessories,2,49.0,0.0,98.0,2026-05-24T14:13:00+00:00
1514,42,IT,104,Mouse,Accessories,4,49.0,0.0,196.0,2026-01-12T21:35:00+00:00
1515,61,IT,101,Laptop Pro,Computers,3,1299.0,0.05,3702.15,2026-03-25T23:11:00+00:00
1516,22,ES,103,Keyboard,Accessories,3,79.0,0.1,213.3,2026-04-15T14:48:00+00:00
1517,17,DE,105,Dock USB-C,Accessories,1,159.0,0.05,151.05,2026-05-29T19:56:00+00:00
1518,92,IT,107,Server Mini,Servers,1,2199.0,0.0,2199.0,2026-04-12T05:51:00+00:00
1519,84,ES,101,Laptop Pro,Computers,3,1299.0,0.1,3507.3,2026-03-25T22:01:00+00:00
1520,52,IT,105,Dock USB-C,Accessories,4,159.0,0.0,636.0,2026-04-24T00:38:00+00:00
1521,32,FR,105,Dock USB-C,Accessories,2,159.0,0.05,302.1,2026-03-11T20:55:00+00:00
1522,9,BE,103,Keyboard,Accessories,2,79.0,0.1,142.2,2026-03-20T11:42:00+00:00
1523,56,DE,105,Dock USB-C,Accessories,3,159.0,0.1,429.3,2026-05-07T08:42:00+00:00
1524,31,BE,102,Monitor 27,Displays,1,349.0,0.1,314.1,2026-06-02T07:48:00+00:00
1525,63,BE,101,Laptop Pro,Computers,5,1299.0,0.1,5845.5,2026-03-26T06:28:00+00:00
1526,42,IT,105,Dock USB-C,Accessories,1,159.0,0.05,151.05,2026-02-02T01:42:00+00:00
1527,40,BE,104,Mouse,Accessories,1,49.0,0.1,44.1,2026-01-20T19:06:00+00:00
1528,88,DE,107,Server Mini,Servers,5,2199.0,0.05,10445.25,2026-03-01T14:28:00+00:00
1529,64,BE,106,Webcam HD,Accessories,1,99.0,0.0,99.0,2026-02-09T14:45:00+00:00
1530,18,BE,105,Dock USB-C,Accessories,1,159.0,0.0,159.0,2026-05-01T07:26:00+00:00
1531,20,IT,104,Mouse,Accessories,5,49.0,0.0,245.0,2026-03-12T23:51:00+00:00
1532,79,FR,105,Dock USB-C,Accessories,4,159.0,0.0,636.0,2026-02-07T10:32:00+00:00
1533,88,DE,103,Keyboard,Accessories,3,79.0,0.1,213.3,2026-05-25T14:33:00+00:00
1534,87,FR,103,Keyboard,Accessories,4,79.0,0.0,316.0,2026-01-17T06:06:00+00:00
1535,75,BE,101,Laptop Pro,Computers,5,1299.0,0.1,5845.5,2026-03-15T13:57:00+00:00
1536,17,DE,107,Server Mini,Servers,3,2199.0,0.0,6597.0,2026-03-09T05:09:00+00:00
1537,71,FR,101,Laptop Pro,Computers,1,1299.0,0.1,1169.1,2026-05-30T09:55:00+00:00
1538,46,BE,101,Laptop Pro,Computers,3,1299.0,0.0,3897.0,2026-02-12T19:47:00+00:00
1539,56,DE,106,Webcam HD,Accessories,5,99.0,0.05,470.25,2026-04-24T19:36:00+00:00
1540,41,BE,106,Webcam HD,Accessories,4,99.0,0.05,376.2,2026-03-11T11:04:00+00:00
1541,56,DE,105,Dock USB-C,Accessories,2,159.0,0.0,318.0,2026-03-28T10:44:00+00:00
1542,18,BE,102,Monitor 27,Displays,5,349.0,0.05,1657.75,2026-06-03T12:33:00+00:00
1543,47,DE,107,Server Mini,Servers,4,2199.0,0.0,8796.0,2026-02-22T12:20:00+00:00
1544,86,DE,102,Monitor 27,Displays,2,349.0,0.0,698.0,2026-01-14T01:27:00+00:00
1545,83,DE,101,Laptop Pro,Computers,2,1299.0,0.05,2468.1,2026-04-30T18:31:00+00:00
1546,56,DE,102,Monitor 27,Displays,1,349.0,0.0,349.0,2026-04-27T22:00:00+00:00
1547,54,BE,107,Server Mini,Servers,4,2199.0,0.1,7916.4,2026-06-19T08:35:00+00:00
1548,55,ES,105,Dock USB-C,Accessories,2,159.0,0.05,302.1,2026-04-03T17:40:00+00:00
1549,55,ES,105,Dock USB-C,Accessories,4,159.0,0.05,604.2,2026-03-06T16:21:00+00:00
1550,29,ES,102,Monitor 27,Displays,4,349.0,0.1,1256.4,2026-01-02T08:27:00+00:00
1551,74,DE,104,Mouse,Accessories,2,49.0,0.1,88.2,2026-02-19T00:22:00+00:00
1552,53,DE,105,Dock USB-C,Accessories,5,159.0,0.0,795.0,2026-01-07T02:11:00+00:00
1553,5,ES,105,Dock USB-C,Accessories,4,159.0,0.0,636.0,2026-01-21T14:25:00+00:00
1554,75,BE,104,Mouse,Accessories,1,49.0,0.0,49.0,2026-05-13T22:13:00+00:00
1555,94,BE,105,Dock USB-C,Accessories,3,159.0,0.05,453.15,2026-04-05T02:35:00+00:00
1556,11,ES,105,Dock USB-C,Accessories,5,159.0,0.0,795.0,2026-02-14T15:25:00+00:00
1557,61,IT,106,Webcam HD,Accessories,1,99.0,0.1,89.1,2026-05-26T06:56:00+00:00
1558,75,BE,103,Keyboard,Accessories,5,79.0,0.0,395.0,2026-06-14T11:49:00+00:00
1559,44,ES,105,Dock USB-C,Accessories,1,159.0,0.05,151.05,2026-03-24T15:42:00+00:00
1560,66,FR,104,Mouse,Accessories,5,49.0,0.0,245.0,2026-03-18T15:26:00+00:00
1561,46,BE,107,Server Mini,Servers,3,2199.0,0.0,6597.0,2026-01-31T11:51:00+00:00
1562,5,ES,106,Webcam HD,Accessories,5,99.0,0.0,495.0,2026-05-13T08:11:00+00:00
1563,73,DE,103,Keyboard,Accessories,1,79.0,0.05,75.05,2026-04-16T05:56:00+00:00
1564,22,ES,105,Dock USB-C,Accessories,1,159.0,0.0,159.0,2026-05-28T06:07:00+00:00
1565,95,IT,105,Dock USB-C,Accessories,1,159.0,0.0,159.0,2026-03-30T05:56:00+00:00
1566,11,ES,102,Monitor 27,Displays,5,349.0,0.0,1745.0,2026-06-05T00:01:00+00:00
1567,36,DE,103,Keyboard,Accessories,2,79.0,0.1,142.2,2026-02-21T03:35:00+00:00
1568,36,DE,107,Server Mini,Servers,3,2199.0,0.0,6597.0,2026-05-15T23:21:00+00:00
1569,15,FR,105,Dock USB-C,Accessories,2,159.0,0.1,286.2,2026-05-15T12:35:00+00:00
1570,20,IT,106,Webcam HD,Accessories,4,99.0,0.0,396.0,2026-05-28T01:30:00+00:00
1571,23,FR,103,Keyboard,Accessories,2,79.0,0.05,150.1,2026-02-02T21:58:00+00:00
1572,68,IT,107,Server Mini,Servers,1,2199.0,0.0,2199.0,2026-01-16T08:45:00+00:00
1573,19,FR,105,Dock USB-C,Accessories,2,159.0,0.05,302.1,2026-05-18T00:51:00+00:00
1574,53,DE,107,Server Mini,Servers,4,2199.0,0.0,8796.0,2026-05-01T06:29:00+00:00
1575,57,ES,106,Webcam HD,Accessories,2,99.0,0.0,198.0,2026-04-16T04:15:00+00:00
1576,94,BE,107,Server Mini,Servers,3,2199.0,0.0,6597.0,2026-04-27T22:04:00+00:00
1577,34,DE,107,Server Mini,Servers,1,2199.0,0.0,2199.0,2026-01-31T12:15:00+00:00
1578,60,BE,104,Mouse,Accessories,4,49.0,0.0,196.0,2026-03-28T16:50:00+00:00
1579,96,BE,107,Server Mini,Servers,5,2199.0,0.0,10995.0,2026-03-11T03:22:00+00:00
1580,88,DE,106,Webcam HD,Accessories,4,99.0,0.05,376.2,2026-02-17T19:25:00+00:00
1581,19,FR,105,Dock USB-C,Accessories,4,159.0,0.0,636.0,2026-02-22T13:45:00+00:00
1582,58,ES,104,Mouse,Accessories,3,49.0,0.1,132.3,2026-05-05T07:31:00+00:00
1583,6,ES,101,Laptop Pro,Computers,5,1299.0,0.0,6495.0,2026-06-03T16:32:00+00:00
1584,56,DE,105,Dock USB-C,Accessories,3,159.0,0.0,477.0,2026-02-19T05:04:00+00:00
1585,35,DE,107,Server Mini,Servers,1,2199.0,0.0,2199.0,2026-04-30T02:52:00+00:00
1586,75,BE,104,Mouse,Accessories,4,49.0,0.0,196.0,2026-05-14T16:15:00+00:00
1587,87,FR,105,Dock USB-C,Accessories,2,159.0,0.1,286.2,2026-03-03T10:09:00+00:00
1588,87,FR,106,Webcam HD,Accessories,2,99.0,0.0,198.0,2026-04-10T16:33:00+00:00
1589,2,DE,106,Webcam HD,Accessories,1,99.0,0.0,99.0,2026-01-03T04:15:00+00:00
1590,53,DE,101,Laptop Pro,Computers,5,1299.0,0.0,6495.0,2026-05-05T18:59:00+00:00
1591,58,ES,103,Keyboard,Accessories,2,79.0,0.0,158.0,2026-02-15T20:33:00+00:00
1592,25,FR,101,Laptop Pro,Computers,1,1299.0,0.1,1169.1,2026-01-17T17:41:00+00:00
1593,8,FR,105,Dock USB-C,Accessories,2,159.0,0.1,286.2,2026-04-27T03:49:00+00:00
1594,16,IT,106,Webcam HD,Accessories,1,99.0,0.0,99.0,2026-06-05T21:50:00+00:00
1595,78,BE,102,Monitor 27,Displays,4,349.0,0.1,1256.4,2026-05-27T05:14:00+00:00
1596,24,IT,101,Laptop Pro,Computers,2,1299.0,0.0,2598.0,2026-02-23T14:59:00+00:00
1597,60,BE,106,Webcam HD,Accessories,1,99.0,0.05,94.05,2026-06-17T23:19:00+00:00
1598,36,DE,107,Server Mini,Servers,4,2199.0,0.0,8796.0,2026-02-16T20:19:00+00:00
1599,21,DE,107,Server Mini,Servers,1,2199.0,0.0,2199.0,2026-05-22T11:13:00+00:00
1600,8,FR,104,Mouse,Accessories,4,49.0,0.0,196.0,2026-01-11T22:24:00+00:00
1601,34,DE,107,Server Mini,Servers,3,2199.0,0.0,6597.0,2026-03-22T04:54:00+00:00
1602,9,BE,104,Mouse,Accessories,2,49.0,0.1,88.2,2026-03-13T11:26:00+00:00
1603,23,FR,106,Webcam HD,Accessories,4,99.0,0.0,396.0,2026-01-27T04:35:00+00:00
1604,70,FR,107,Server Mini,Servers,4,2199.0,0.0,8796.0,2026-04-22T18:27:00+00:00
1605,83,DE,101,Laptop Pro,Computers,4,1299.0,0.0,5196.0,2026-01-19T19:16:00+00:00
1606,5,ES,101,Laptop Pro,Computers,1,1299.0,0.1,1169.1,2026-05-13T10:41:00+00:00
1607,33,FR,107,Server Mini,Servers,4,2199.0,0.0,8796.0,2026-06-13T04:55:00+00:00
1608,64,BE,102,Monitor 27,Displays,1,349.0,0.0,349.0,2026-05-01T23:42:00+00:00
1609,50,DE,103,Keyboard,Accessories,2,79.0,0.0,158.0,2026-06-14T16:20:00+00:00
1610,51,IT,105,Dock USB-C,Accessories,1,159.0,0.1,143.1,2026-05-09T19:34:00+00:00
1611,99,ES,104,Mouse,Accessories,4,49.0,0.05,186.2,2026-03-15T12:43:00+00:00
1612,94,BE,107,Server Mini,Servers,1,2199.0,0.1,1979.1,2026-02-11T02:44:00+00:00
1613,1,FR,104,Mouse,Accessories,4,49.0,0.0,196.0,2026-04-14T06:19:00+00:00
1614,69,DE,103,Keyboard,Accessories,3,79.0,0.0,237.0,2026-03-14T22:18:00+00:00
1615,8,FR,106,Webcam HD,Accessories,1,99.0,0.0,99.0,2026-04-08T07:49:00+00:00
1616,44,ES,101,Laptop Pro,Computers,4,1299.0,0.0,5196.0,2026-04-28T22:14:00+00:00
1617,26,FR,102,Monitor 27,Displays,5,349.0,0.0,1745.0,2026-03-11T22:26:00+00:00
1618,85,FR,102,Monitor 27,Displays,3,349.0,0.05,994.65,2026-06-13T04:41:00+00:00
1619,14,ES,106,Webcam HD,Accessories,3,99.0,0.05,282.15,2026-01-16T10:46:00+00:00
1620,81,ES,104,Mouse,Accessories,2,49.0,0.0,98.0,2026-01-07T11:58:00+00:00
1621,25,FR,101,Laptop Pro,Computers,5,1299.0,0.0,6495.0,2026-03-31T01:29:00+00:00
1622,50,DE,101,Laptop Pro,Computers,5,1299.0,0.0,6495.0,2026-04-01T23:09:00+00:00
1623,69,DE,107,Server Mini,Servers,4,2199.0,0.0,8796.0,2026-01-07T17:50:00+00:00
1624,44,ES,101,Laptop Pro,Computers,3,1299.0,0.0,3897.0,2026-03-15T19:41:00+00:00
1625,16,IT,102,Monitor 27,Displays,5,349.0,0.05,1657.75,2026-06-21T03:18:00+00:00
1626,87,FR,107,Server Mini,Servers,5,2199.0,0.0,10995.0,2026-05-15T21:42:00+00:00
1627,75,BE,102,Monitor 27,Displays,1,349.0,0.0,349.0,2026-05-14T21:16:00+00:00
1628,19,FR,104,Mouse,Accessories,1,49.0,0.05,46.55,2026-06-15T03:31:00+00:00
1629,80,DE,101,Laptop Pro,Computers,2,1299.0,0.0,2598.0,2026-01-03T14:45:00+00:00
1630,23,FR,106,Webcam HD,Accessories,1,99.0,0.0,99.0,2026-05-30T09:51:00+00:00
1631,13,BE,104,Mouse,Accessories,5,49.0,0.0,245.0,2026-06-02T01:42:00+00:00
1632,76,FR,101,Laptop Pro,Computers,1,1299.0,0.0,1299.0,2026-04-01T12:03:00+00:00
1633,77,DE,107,Server Mini,Servers,5,2199.0,0.0,10995.0,2026-01-12T11:43:00+00:00
1634,26,FR,104,Mouse,Accessories,3,49.0,0.05,139.65,2026-03-01T00:36:00+00:00
1635,16,IT,106,Webcam HD,Accessories,5,99.0,0.1,445.5,2026-01-26T00:00:00+00:00
1636,42,IT,107,Server Mini,Servers,2,2199.0,0.0,4398.0,2026-04-18T23:13:00+00:00
1637,23,FR,103,Keyboard,Accessories,1,79.0,0.0,79.0,2026-02-19T20:39:00+00:00
1638,19,FR,107,Server Mini,Servers,4,2199.0,0.0,8796.0,2026-05-07T18:09:00+00:00
1639,48,DE,105,Dock USB-C,Accessories,2,159.0,0.05,302.1,2026-02-14T08:29:00+00:00
1640,75,BE,101,Laptop Pro,Computers,2,1299.0,0.0,2598.0,2026-05-25T00:09:00+00:00
1641,81,ES,105,Dock USB-C,Accessories,4,159.0,0.0,636.0,2026-01-03T20:17:00+00:00
1642,63,BE,101,Laptop Pro,Computers,1,1299.0,0.0,1299.0,2026-02-02T15:52:00+00:00
1643,12,ES,106,Webcam HD,Accessories,5,99.0,0.0,495.0,2026-03-17T18:30:00+00:00
1644,89,BE,107,Server Mini,Servers,4,2199.0,0.0,8796.0,2026-02-07T12:43:00+00:00
1645,19,FR,106,Webcam HD,Accessories,3,99.0,0.1,267.3,2026-03-23T23:54:00+00:00
1646,53,DE,102,Monitor 27,Displays,2,349.0,0.1,628.2,2026-05-06T21:58:00+00:00
1647,5,ES,105,Dock USB-C,Accessories,2,159.0,0.05,302.1,2026-04-22T10:05:00+00:00
1648,12,ES,106,Webcam HD,Accessories,3,99.0,0.0,297.0,2026-03-18T05:42:00+00:00
1649,1,FR,105,Dock USB-C,Accessories,2,159.0,0.0,318.0,2026-01-22T09:23:00+00:00
1650,68,IT,101,Laptop Pro,Computers,5,1299.0,0.0,6495.0,2026-06-07T01:19:00+00:00
1651,98,IT,105,Dock USB-C,Accessories,5,159.0,0.0,795.0,2026-03-26T12:11:00+00:00
1652,99,ES,106,Webcam HD,Accessories,2,99.0,0.0,198.0,2026-01-10T15:51:00+00:00
1653,25,FR,101,Laptop Pro,Computers,2,1299.0,0.05,2468.1,2026-04-01T13:40:00+00:00
1654,23,FR,102,Monitor 27,Displays,1,349.0,0.0,349.0,2026-04-28T09:26:00+00:00
1655,47,DE,103,Keyboard,Accessories,2,79.0,0.05,150.1,2026-02-15T18:18:00+00:00
1656,43,DE,105,Dock USB-C,Accessories,4,159.0,0.0,636.0,2026-01-20T00:13:00+00:00
1657,95,IT,101,Laptop Pro,Computers,5,1299.0,0.0,6495.0,2026-01-29T18:30:00+00:00
1658,4,FR,104,Mouse,Accessories,5,49.0,0.0,245.0,2026-01-13T21:35:00+00:00
1659,31,BE,106,Webcam HD,Accessories,4,99.0,0.1,356.4,2026-04-16T13:01:00+00:00
1660,42,IT,104,Mouse,Accessories,2,49.0,0.0,98.0,2026-02-11T21:09:00+00:00
1661,100,BE,101,Laptop Pro,Computers,3,1299.0,0.0,3897.0,2026-01-18T20:26:00+00:00
1662,31,BE,106,Webcam HD,Accessories,4,99.0,0.0,396.0,2026-03-10T08:43:00+00:00
1663,29,ES,101,Laptop Pro,Computers,4,1299.0,0.1,4676.4,2026-03-30T04:24:00+00:00
1664,7,FR,104,Mouse,Accessories,2,49.0,0.0,98.0,2026-06-18T22:00:00+00:00
1665,79,FR,104,Mouse,Accessories,2,49.0,0.05,93.1,2026-03-09T23:46:00+00:00
1666,18,BE,104,Mouse,Accessories,2,49.0,0.0,98.0,2026-02-19T02:18:00+00:00
1667,26,FR,103,Keyboard,Accessories,2,79.0,0.0,158.0,2026-05-07T00:18:00+00:00
1668,73,DE,101,Laptop Pro,Computers,3,1299.0,0.0,3897.0,2026-01-21T05:26:00+00:00
1669,60,BE,104,Mouse,Accessories,4,49.0,0.0,196.0,2026-05-19T09:58:00+00:00
1670,44,ES,102,Monitor 27,Displays,3,349.0,0.1,942.3,2026-01-29T13:01:00+00:00
1671,82,BE,105,Dock USB-C,Accessories,2,159.0,0.1,286.2,2026-04-11T15:01:00+00:00
1672,30,FR,101,Laptop Pro,Computers,4,1299.0,0.1,4676.4,2026-03-31T01:24:00+00:00
1673,28,ES,105,Dock USB-C,Accessories,4,159.0,0.05,604.2,2026-02-20T19:42:00+00:00
1674,2,DE,106,Webcam HD,Accessories,4,99.0,0.0,396.0,2026-02-15T02:47:00+00:00
1675,42,IT,104,Mouse,Accessories,5,49.0,0.0,245.0,2026-06-12T08:25:00+00:00
1676,76,FR,102,Monitor 27,Displays,5,349.0,0.0,1745.0,2026-03-18T01:16:00+00:00
1677,6,ES,101,Laptop Pro,Computers,4,1299.0,0.1,4676.4,2026-01-07T02:53:00+00:00
1678,55,ES,105,Dock USB-C,Accessories,4,159.0,0.05,604.2,2026-05-28T09:42:00+00:00
1679,90,BE,107,Server Mini,Servers,1,2199.0,0.05,2089.05,2026-04-01T03:56:00+00:00
1680,31,BE,101,Laptop Pro,Computers,5,1299.0,0.0,6495.0,2026-05-07T04:27:00+00:00
1681,94,BE,104,Mouse,Accessories,2,49.0,0.0,98.0,2026-03-07T05:53:00+00:00
1682,38,DE,102,Monitor 27,Displays,1,349.0,0.0,349.0,2026-03-29T08:12:00+00:00
1683,86,DE,103,Keyboard,Accessories,2,79.0,0.05,150.1,2026-06-06T04:19:00+00:00
1684,74,DE,106,Webcam HD,Accessories,5,99.0,0.0,495.0,2026-03-24T19:13:00+00:00
1685,60,BE,107,Server Mini,Servers,2,2199.0,0.05,4178.1,2026-02-03T16:02:00+00:00
1686,48,DE,106,Webcam HD,Accessories,4,99.0,0.0,396.0,2026-06-06T15:04:00+00:00
1687,81,ES,101,Laptop Pro,Computers,4,1299.0,0.0,5196.0,2026-04-07T15:37:00+00:00
1688,5,ES,103,Keyboard,Accessories,4,79.0,0.0,316.0,2026-05-08T01:50:00+00:00
1689,79,FR,105,Dock USB-C,Accessories,5,159.0,0.0,795.0,2026-05-24T09:28:00+00:00
1690,88,DE,101,Laptop Pro,Computers,5,1299.0,0.0,6495.0,2026-05-14T22:35:00+00:00
1691,8,FR,105,Dock USB-C,Accessories,3,159.0,0.0,477.0,2026-01-21T04:49:00+00:00
1692,50,DE,103,Keyboard,Accessories,4,79.0,0.1,284.4,2026-01-08T10:34:00+00:00
1693,47,DE,103,Keyboard,Accessories,2,79.0,0.1,142.2,2026-05-09T07:38:00+00:00
1694,9,BE,105,Dock USB-C,Accessories,2,159.0,0.0,318.0,2026-03-02T23:19:00+00:00
1695,31,BE,105,Dock USB-C,Accessories,1,159.0,0.05,151.05,2026-05-15T05:39:00+00:00
1696,97,ES,105,Dock USB-C,Accessories,2,159.0,0.0,318.0,2026-02-28T08:07:00+00:00
1697,46,BE,103,Keyboard,Accessories,5,79.0,0.05,375.25,2026-02-20T10:51:00+00:00
1698,7,FR,101,Laptop Pro,Computers,3,1299.0,0.0,3897.0,2026-03-24T08:36:00+00:00
1699,63,BE,105,Dock USB-C,Accessories,5,159.0,0.0,795.0,2026-03-27T14:10:00+00:00
1700,91,FR,105,Dock USB-C,Accessories,5,159.0,0.0,795.0,2026-03-24T06:43:00+00:00
1701,80,DE,103,Keyboard,Accessories,1,79.0,0.0,79.0,2026-06-12T08:47:00+00:00
1702,59,DE,101,Laptop Pro,Computers,1,1299.0,0.05,1234.05,2026-06-13T11:11:00+00:00
1703,23,FR,103,Keyboard,Accessories,1,79.0,0.0,79.0,2026-01-30T23:52:00+00:00
1704,36,DE,101,Laptop Pro,Computers,2,1299.0,0.05,2468.1,2026-01-28T09:32:00+00:00
1705,27,DE,105,Dock USB-C,Accessories,1,159.0,0.0,159.0,2026-03-17T19:52:00+00:00
1706,88,DE,105,Dock USB-C,Accessories,2,159.0,0.05,302.1,2026-03-05T02:45:00+00:00
1707,54,BE,104,Mouse,Accessories,1,49.0,0.0,49.0,2026-02-04T10:01:00+00:00
1708,9,BE,101,Laptop Pro,Computers,2,1299.0,0.1,2338.2,2026-04-28T08:36:00+00:00
1709,43,DE,104,Mouse,Accessories,5,49.0,0.0,245.0,2026-04-30T09:03:00+00:00
1710,83,DE,107,Server Mini,Servers,3,2199.0,0.05,6267.15,2026-04-19T00:25:00+00:00
1711,86,DE,106,Webcam HD,Accessories,5,99.0,0.1,445.5,2026-03-23T01:21:00+00:00
1712,59,DE,103,Keyboard,Accessories,5,79.0,0.0,395.0,2026-06-13T12:39:00+00:00
1713,40,BE,102,Monitor 27,Displays,3,349.0,0.0,1047.0,2026-03-30T03:41:00+00:00
1714,48,DE,103,Keyboard,Accessories,1,79.0,0.0,79.0,2026-03-06T06:48:00+00:00
1715,37,BE,104,Mouse,Accessories,2,49.0,0.1,88.2,2026-06-18T05:35:00+00:00
1716,21,DE,106,Webcam HD,Accessories,5,99.0,0.0,495.0,2026-02-03T04:23:00+00:00
1717,23,FR,107,Server Mini,Servers,2,2199.0,0.0,4398.0,2026-02-13T07:25:00+00:00
1718,15,FR,101,Laptop Pro,Computers,3,1299.0,0.1,3507.3,2026-01-24T00:34:00+00:00
1719,57,ES,103,Keyboard,Accessories,3,79.0,0.0,237.0,2026-02-07T08:20:00+00:00
1720,72,ES,106,Webcam HD,Accessories,1,99.0,0.0,99.0,2026-03-04T14:17:00+00:00
1721,19,FR,103,Keyboard,Accessories,4,79.0,0.1,284.4,2026-01-30T14:23:00+00:00
1722,69,DE,103,Keyboard,Accessories,1,79.0,0.0,79.0,2026-03-15T15:33:00+00:00
1723,64,BE,107,Server Mini,Servers,2,2199.0,0.05,4178.1,2026-06-18T21:40:00+00:00
1724,41,BE,102,Monitor 27,Displays,1,349.0,0.1,314.1,2026-04-03T08:54:00+00:00
1725,43,DE,106,Webcam HD,Accessories,3,99.0,0.05,282.15,2026-06-13T02:35:00+00:00
1726,38,DE,107,Server Mini,Servers,5,2199.0,0.0,10995.0,2026-05-26T13:24:00+00:00
1727,73,DE,106,Webcam HD,Accessories,4,99.0,0.0,396.0,2026-05-06T10:55:00+00:00
1728,15,FR,106,Webcam HD,Accessories,4,99.0,0.0,396.0,2026-01-26T09:08:00+00:00
1729,87,FR,105,Dock USB-C,Accessories,1,159.0,0.0,159.0,2026-01-05T12:20:00+00:00
1730,52,IT,105,Dock USB-C,Accessories,2,159.0,0.05,302.1,2026-03-07T01:28:00+00:00
1731,12,ES,103,Keyboard,Accessories,1,79.0,0.1,71.1,2026-04-27T17:56:00+00:00
1732,25,FR,105,Dock USB-C,Accessories,5,159.0,0.0,795.0,2026-05-23T05:28:00+00:00
1733,99,ES,103,Keyboard,Accessories,2,79.0,0.0,158.0,2026-01-16T05:12:00+00:00
1734,69,DE,107,Server Mini,Servers,4,2199.0,0.0,8796.0,2026-04-04T04:02:00+00:00
1735,51,IT,102,Monitor 27,Displays,4,349.0,0.0,1396.0,2026-04-20T19:17:00+00:00
1736,78,BE,105,Dock USB-C,Accessories,1,159.0,0.0,159.0,2026-03-14T08:57:00+00:00
1737,19,FR,106,Webcam HD,Accessories,4,99.0,0.0,396.0,2026-03-12T06:57:00+00:00
1738,48,DE,101,Laptop Pro,Computers,3,1299.0,0.0,3897.0,2026-03-05T23:05:00+00:00
1739,40,BE,104,Mouse,Accessories,5,49.0,0.0,245.0,2026-02-09T06:23:00+00:00
1740,94,BE,104,Mouse,Accessories,4,49.0,0.05,186.2,2026-02-22T13:03:00+00:00
1741,21,DE,107,Server Mini,Servers,4,2199.0,0.05,8356.2,2026-01-26T09:46:00+00:00
1742,76,FR,105,Dock USB-C,Accessories,1,159.0,0.0,159.0,2026-02-07T19:49:00+00:00
1743,39,FR,104,Mouse,Accessories,5,49.0,0.0,245.0,2026-01-13T00:51:00+00:00
1744,76,FR,107,Server Mini,Servers,4,2199.0,0.0,8796.0,2026-01-02T04:55:00+00:00
1745,53,DE,106,Webcam HD,Accessories,3,99.0,0.05,282.15,2026-02-01T20:07:00+00:00
1746,72,ES,104,Mouse,Accessories,5,49.0,0.0,245.0,2026-02-06T06:34:00+00:00
1747,24,IT,107,Server Mini,Servers,4,2199.0,0.0,8796.0,2026-04-11T19:52:00+00:00
1748,63,BE,101,Laptop Pro,Computers,3,1299.0,0.1,3507.3,2026-02-25T07:49:00+00:00
1749,64,BE,105,Dock USB-C,Accessories,4,159.0,0.0,636.0,2026-01-05T21:15:00+00:00
1750,1,FR,102,Monitor 27,Displays,3,349.0,0.0,1047.0,2026-04-27T14:37:00+00:00
1751,82,BE,104,Mouse,Accessories,1,49.0,0.0,49.0,2026-03-17T22:35:00+00:00
1752,23,FR,104,Mouse,Accessories,2,49.0,0.0,98.0,2026-01-22T17:28:00+00:00
1753,98,IT,103,Keyboard,Accessories,4,79.0,0.0,316.0,2026-04-20T00:35:00+00:00
1754,96,BE,103,Keyboard,Accessories,5,79.0,0.05,375.25,2026-04-13T23:01:00+00:00
1755,56,DE,107,Server Mini,Servers,3,2199.0,0.05,6267.15,2026-05-07T09:12:00+00:00
1756,16,IT,103,Keyboard,Accessories,5,79.0,0.1,355.5,2026-01-04T04:39:00+00:00
1757,34,DE,102,Monitor 27,Displays,5,349.0,0.0,1745.0,2026-01-27T14:28:00+00:00
1758,41,BE,104,Mouse,Accessories,2,49.0,0.0,98.0,2026-01-30T17:30:00+00:00
1759,7,FR,103,Keyboard,Accessories,3,79.0,0.05,225.15,2026-04-26T19:48:00+00:00
1760,46,BE,101,Laptop Pro,Computers,3,1299.0,0.0,3897.0,2026-04-07T09:54:00+00:00
1761,82,BE,101,Laptop Pro,Computers,5,1299.0,0.0,6495.0,2026-05-20T12:38:00+00:00
1762,81,ES,102,Monitor 27,Displays,1,349.0,0.1,314.1,2026-05-18T00:17:00+00:00
1763,22,ES,105,Dock USB-C,Accessories,3,159.0,0.0,477.0,2026-05-31T12:26:00+00:00
1764,88,DE,107,Server Mini,Servers,3,2199.0,0.0,6597.0,2026-05-05T18:44:00+00:00
1765,90,BE,106,Webcam HD,Accessories,3,99.0,0.0,297.0,2026-04-08T06:55:00+00:00
1766,75,BE,103,Keyboard,Accessories,2,79.0,0.0,158.0,2026-01-25T22:20:00+00:00
1767,67,IT,103,Keyboard,Accessories,3,79.0,0.05,225.15,2026-03-17T00:01:00+00:00
1768,44,ES,102,Monitor 27,Displays,1,349.0,0.0,349.0,2026-01-29T03:15:00+00:00
1769,65,IT,102,Monitor 27,Displays,2,349.0,0.1,628.2,2026-04-22T16:06:00+00:00
1770,89,BE,107,Server Mini,Servers,5,2199.0,0.1,9895.5,2026-05-10T17:09:00+00:00
1771,71,FR,106,Webcam HD,Accessories,1,99.0,0.05,94.05,2026-03-25T19:55:00+00:00
1772,10,ES,101,Laptop Pro,Computers,2,1299.0,0.0,2598.0,2026-03-29T07:02:00+00:00
1773,45,DE,103,Keyboard,Accessories,3,79.0,0.0,237.0,2026-05-29T17:41:00+00:00
1774,57,ES,105,Dock USB-C,Accessories,5,159.0,0.0,795.0,2026-02-01T08:23:00+00:00
1775,91,FR,103,Keyboard,Accessories,1,79.0,0.0,79.0,2026-02-10T11:29:00+00:00
1776,17,DE,107,Server Mini,Servers,2,2199.0,0.0,4398.0,2026-02-25T23:10:00+00:00
1777,17,DE,102,Monitor 27,Displays,2,349.0,0.0,698.0,2026-03-19T08:00:00+00:00
1778,89,BE,107,Server Mini,Servers,1,2199.0,0.0,2199.0,2026-01-04T10:09:00+00:00
1779,100,BE,104,Mouse,Accessories,4,49.0,0.0,196.0,2026-02-05T17:52:00+00:00
1780,14,ES,101,Laptop Pro,Computers,5,1299.0,0.1,5845.5,2026-01-11T18:56:00+00:00
1781,61,IT,101,Laptop Pro,Computers,3,1299.0,0.0,3897.0,2026-01-13T01:26:00+00:00
1782,39,FR,106,Webcam HD,Accessories,1,99.0,0.0,99.0,2026-05-23T10:13:00+00:00
1783,16,IT,105,Dock USB-C,Accessories,2,159.0,0.1,286.2,2026-06-14T01:17:00+00:00
1784,26,FR,102,Monitor 27,Displays,3,349.0,0.0,1047.0,2026-01-17T12:37:00+00:00
1785,19,FR,107,Server Mini,Servers,3,2199.0,0.1,5937.3,2026-03-05T07:43:00+00:00
1786,46,BE,102,Monitor 27,Displays,5,349.0,0.1,1570.5,2026-02-14T00:32:00+00:00
1787,65,IT,105,Dock USB-C,Accessories,1,159.0,0.0,159.0,2026-05-30T04:49:00+00:00
1788,75,BE,107,Server Mini,Servers,1,2199.0,0.1,1979.1,2026-02-09T12:04:00+00:00
1789,92,IT,102,Monitor 27,Displays,3,349.0,0.0,1047.0,2026-06-14T03:24:00+00:00
1790,97,ES,105,Dock USB-C,Accessories,1,159.0,0.0,159.0,2026-06-18T06:01:00+00:00
1791,28,ES,105,Dock USB-C,Accessories,4,159.0,0.0,636.0,2026-05-08T02:11:00+00:00
1792,76,FR,102,Monitor 27,Displays,4,349.0,0.0,1396.0,2026-02-02T22:08:00+00:00
1793,46,BE,104,Mouse,Accessories,4,49.0,0.0,196.0,2026-04-04T14:47:00+00:00
1794,30,FR,104,Mouse,Accessories,1,49.0,0.0,49.0,2026-01-23T12:05:00+00:00
1795,60,BE,101,Laptop Pro,Computers,5,1299.0,0.0,6495.0,2026-04-01T06:15:00+00:00
1796,98,IT,103,Keyboard,Accessories,3,79.0,0.1,213.3,2026-05-12T11:03:00+00:00
1797,6,ES,101,Laptop Pro,Computers,3,1299.0,0.05,3702.15,2026-01-22T01:35:00+00:00
1798,50,DE,103,Keyboard,Accessories,4,79.0,0.1,284.4,2026-05-15T00:23:00+00:00
1799,40,BE,106,Webcam HD,Accessories,4,99.0,0.0,396.0,2026-04-11T20:05:00+00:00
1800,53,DE,103,Keyboard,Accessories,4,79.0,0.0,316.0,2026-06-05T23:18:00+00:00
1801,9,BE,107,Server Mini,Servers,4,2199.0,0.0,8796.0,2026-02-02T15:21:00+00:00
1802,2,DE,106,Webcam HD,Accessories,4,99.0,0.0,396.0,2026-03-14T03:45:00+00:00
1803,57,ES,105,Dock USB-C,Accessories,1,159.0,0.0,159.0,2026-01-27T02:22:00+00:00
1804,51,IT,104,Mouse,Accessories,5,49.0,0.0,245.0,2026-05-15T23:21:00+00:00
1805,22,ES,101,Laptop Pro,Computers,3,1299.0,0.0,3897.0,2026-03-03T15:30:00+00:00
1806,26,FR,105,Dock USB-C,Accessories,4,159.0,0.0,636.0,2026-02-12T09:25:00+00:00
1807,55,ES,106,Webcam HD,Accessories,4,99.0,0.0,396.0,2026-05-20T05:32:00+00:00
1808,92,IT,107,Server Mini,Servers,5,2199.0,0.1,9895.5,2026-02-19T16:38:00+00:00
1809,97,ES,107,Server Mini,Servers,4,2199.0,0.0,8796.0,2026-03-28T14:55:00+00:00
1810,86,DE,105,Dock USB-C,Accessories,4,159.0,0.05,604.2,2026-04-04T02:24:00+00:00
1811,36,DE,102,Monitor 27,Displays,4,349.0,0.0,1396.0,2026-01-23T05:51:00+00:00
1812,33,FR,104,Mouse,Accessories,4,49.0,0.0,196.0,2026-04-25T09:23:00+00:00
1813,18,BE,101,Laptop Pro,Computers,1,1299.0,0.0,1299.0,2026-06-01T03:41:00+00:00
1814,9,BE,104,Mouse,Accessories,1,49.0,0.0,49.0,2026-03-11T15:44:00+00:00
1815,78,BE,106,Webcam HD,Accessories,3,99.0,0.0,297.0,2026-02-25T02:44:00+00:00
1816,80,DE,105,Dock USB-C,Accessories,1,159.0,0.0,159.0,2026-05-01T08:18:00+00:00
1817,97,ES,105,Dock USB-C,Accessories,4,159.0,0.05,604.2,2026-02-06T18:15:00+00:00
1818,38,DE,106,Webcam HD,Accessories,4,99.0,0.05,376.2,2026-04-02T21:28:00+00:00
1819,34,DE,105,Dock USB-C,Accessories,3,159.0,0.1,429.3,2026-04-10T12:13:00+00:00
1820,3,BE,107,Server Mini,Servers,1,2199.0,0.05,2089.05,2026-06-10T05:19:00+00:00
1821,16,IT,104,Mouse,Accessories,4,49.0,0.0,196.0,2026-06-05T06:15:00+00:00
1822,49,BE,104,Mouse,Accessories,4,49.0,0.0,196.0,2026-01-06T23:33:00+00:00
1823,23,FR,105,Dock USB-C,Accessories,3,159.0,0.0,477.0,2026-03-31T11:18:00+00:00
1824,56,DE,102,Monitor 27,Displays,3,349.0,0.05,994.65,2026-03-30T17:43:00+00:00
1825,98,IT,101,Laptop Pro,Computers,5,1299.0,0.05,6170.25,2026-05-01T03:55:00+00:00
1826,71,FR,106,Webcam HD,Accessories,5,99.0,0.1,445.5,2026-03-27T12:40:00+00:00
1827,61,IT,105,Dock USB-C,Accessories,2,159.0,0.1,286.2,2026-01-11T03:31:00+00:00
1828,51,IT,103,Keyboard,Accessories,4,79.0,0.1,284.4,2026-03-10T18:37:00+00:00
1829,79,FR,106,Webcam HD,Accessories,3,99.0,0.0,297.0,2026-02-28T08:12:00+00:00
1830,8,FR,101,Laptop Pro,Computers,5,1299.0,0.0,6495.0,2026-01-24T08:06:00+00:00
1831,47,DE,103,Keyboard,Accessories,5,79.0,0.0,395.0,2026-05-20T07:11:00+00:00
1832,81,ES,103,Keyboard,Accessories,4,79.0,0.0,316.0,2026-03-19T22:36:00+00:00
1833,45,DE,103,Keyboard,Accessories,4,79.0,0.0,316.0,2026-01-11T06:37:00+00:00
1834,85,FR,102,Monitor 27,Displays,2,349.0,0.0,698.0,2026-04-28T23:31:00+00:00
1835,40,BE,105,Dock USB-C,Accessories,1,159.0,0.0,159.0,2026-06-08T04:27:00+00:00
1836,40,BE,101,Laptop Pro,Computers,3,1299.0,0.0,3897.0,2026-01-04T14:07:00+00:00
1837,69,DE,103,Keyboard,Accessories,1,79.0,0.05,75.05,2026-04-30T17:49:00+00:00
1838,55,ES,105,Dock USB-C,Accessories,5,159.0,0.05,755.25,2026-02-18T12:52:00+00:00
1839,3,BE,106,Webcam HD,Accessories,4,99.0,0.1,356.4,2026-01-05T01:09:00+00:00
1840,41,BE,104,Mouse,Accessories,5,49.0,0.05,232.75,2026-02-28T16:40:00+00:00
1841,74,DE,101,Laptop Pro,Computers,4,1299.0,0.0,5196.0,2026-05-06T18:25:00+00:00
1842,87,FR,102,Monitor 27,Displays,3,349.0,0.05,994.65,2026-04-02T12:37:00+00:00
1843,98,IT,106,Webcam HD,Accessories,3,99.0,0.0,297.0,2026-04-22T22:13:00+00:00
1844,39,FR,103,Keyboard,Accessories,4,79.0,0.0,316.0,2026-04-01T11:12:00+00:00
1845,82,BE,107,Server Mini,Servers,1,2199.0,0.1,1979.1,2026-02-08T23:19:00+00:00
1846,37,BE,103,Keyboard,Accessories,1,79.0,0.0,79.0,2026-04-15T09:45:00+00:00
1847,52,IT,107,Server Mini,Servers,2,2199.0,0.1,3958.2,2026-05-16T05:43:00+00:00
1848,12,ES,106,Webcam HD,Accessories,5,99.0,0.0,495.0,2026-04-18T17:53:00+00:00
1849,44,ES,103,Keyboard,Accessories,1,79.0,0.1,71.1,2026-05-26T20:26:00+00:00
1850,68,IT,104,Mouse,Accessories,4,49.0,0.0,196.0,2026-03-05T05:26:00+00:00
1851,10,ES,106,Webcam HD,Accessories,3,99.0,0.1,267.3,2026-05-27T09:16:00+00:00
1852,39,FR,104,Mouse,Accessories,5,49.0,0.0,245.0,2026-02-06T10:08:00+00:00
1853,54,BE,104,Mouse,Accessories,3,49.0,0.1,132.3,2026-04-04T19:40:00+00:00
1854,59,DE,106,Webcam HD,Accessories,5,99.0,0.0,495.0,2026-06-10T08:41:00+00:00
1855,3,BE,106,Webcam HD,Accessories,5,99.0,0.0,495.0,2026-04-16T00:16:00+00:00
1856,64,BE,102,Monitor 27,Displays,4,349.0,0.0,1396.0,2026-06-20T14:31:00+00:00
1857,82,BE,105,Dock USB-C,Accessories,5,159.0,0.05,755.25,2026-06-20T03:29:00+00:00
1858,73,DE,106,Webcam HD,Accessories,1,99.0,0.1,89.1,2026-02-06T12:38:00+00:00
1859,47,DE,104,Mouse,Accessories,2,49.0,0.0,98.0,2026-01-28T09:25:00+00:00
1860,96,BE,106,Webcam HD,Accessories,3,99.0,0.05,282.15,2026-03-16T16:27:00+00:00
1861,41,BE,107,Server Mini,Servers,1,2199.0,0.0,2199.0,2026-06-04T00:05:00+00:00
1862,53,DE,103,Keyboard,Accessories,3,79.0,0.0,237.0,2026-02-16T16:25:00+00:00
1863,88,DE,105,Dock USB-C,Accessories,2,159.0,0.05,302.1,2026-02-13T09:56:00+00:00
1864,15,FR,102,Monitor 27,Displays,2,349.0,0.0,698.0,2026-02-14T16:59:00+00:00
1865,40,BE,104,Mouse,Accessories,4,49.0,0.1,176.4,2026-03-21T09:29:00+00:00
1866,55,ES,106,Webcam HD,Accessories,1,99.0,0.0,99.0,2026-01-30T00:14:00+00:00
1867,35,DE,102,Monitor 27,Displays,1,349.0,0.0,349.0,2026-05-24T18:07:00+00:00
1868,36,DE,106,Webcam HD,Accessories,5,99.0,0.0,495.0,2026-04-28T06:57:00+00:00
1869,6,ES,106,Webcam HD,Accessories,4,99.0,0.0,396.0,2026-01-11T01:43:00+00:00
1870,11,ES,103,Keyboard,Accessories,5,79.0,0.0,395.0,2026-06-07T20:43:00+00:00
1871,9,BE,104,Mouse,Accessories,3,49.0,0.0,147.0,2026-03-14T06:03:00+00:00
1872,93,ES,107,Server Mini,Servers,2,2199.0,0.0,4398.0,2026-01-21T09:02:00+00:00
1873,74,DE,106,Webcam HD,Accessories,5,99.0,0.0,495.0,2026-04-06T00:28:00+00:00
1874,86,DE,107,Server Mini,Servers,5,2199.0,0.1,9895.5,2026-02-15T20:09:00+00:00
1875,64,BE,101,Laptop Pro,Computers,2,1299.0,0.1,2338.2,2026-01-23T06:14:00+00:00
1876,99,ES,107,Server Mini,Servers,3,2199.0,0.0,6597.0,2026-06-01T12:31:00+00:00
1877,75,BE,106,Webcam HD,Accessories,4,99.0,0.0,396.0,2026-06-20T07:15:00+00:00
1878,55,ES,102,Monitor 27,Displays,2,349.0,0.0,698.0,2026-02-01T21:15:00+00:00
1879,28,ES,103,Keyboard,Accessories,4,79.0,0.05,300.2,2026-02-16T07:04:00+00:00
1880,76,FR,101,Laptop Pro,Computers,4,1299.0,0.1,4676.4,2026-03-10T05:06:00+00:00
1881,90,BE,101,Laptop Pro,Computers,3,1299.0,0.1,3507.3,2026-03-19T03:31:00+00:00
1882,61,IT,106,Webcam HD,Accessories,2,99.0,0.0,198.0,2026-06-10T02:18:00+00:00
1883,19,FR,103,Keyboard,Accessories,4,79.0,0.0,316.0,2026-05-30T12:36:00+00:00
1884,40,BE,101,Laptop Pro,Computers,5,1299.0,0.0,6495.0,2026-06-03T04:27:00+00:00
1885,95,IT,106,Webcam HD,Accessories,1,99.0,0.0,99.0,2026-02-16T01:17:00+00:00
1886,71,FR,104,Mouse,Accessories,3,49.0,0.0,147.0,2026-06-14T09:57:00+00:00
1887,88,DE,101,Laptop Pro,Computers,5,1299.0,0.0,6495.0,2026-06-06T03:07:00+00:00
1888,57,ES,104,Mouse,Accessories,1,49.0,0.05,46.55,2026-06-18T20:20:00+00:00
1889,33,FR,103,Keyboard,Accessories,1,79.0,0.0,79.0,2026-02-24T03:27:00+00:00
1890,27,DE,107,Server Mini,Servers,2,2199.0,0.05,4178.1,2026-04-25T22:25:00+00:00
1891,41,BE,107,Server Mini,Servers,4,2199.0,0.0,8796.0,2026-02-19T21:17:00+00:00
1892,11,ES,107,Server Mini,Servers,4,2199.0,0.05,8356.2,2026-05-15T03:44:00+00:00
1893,53,DE,107,Server Mini,Servers,3,2199.0,0.05,6267.15,2026-06-09T14:37:00+00:00
1894,13,BE,107,Server Mini,Servers,2,2199.0,0.0,4398.0,2026-04-03T04:12:00+00:00
1895,9,BE,103,Keyboard,Accessories,4,79.0,0.1,284.4,2026-05-13T18:03:00+00:00
1896,71,FR,106,Webcam HD,Accessories,3,99.0,0.05,282.15,2026-05-07T13:25:00+00:00
1897,4,FR,107,Server Mini,Servers,1,2199.0,0.0,2199.0,2026-04-25T17:11:00+00:00
1898,57,ES,107,Server Mini,Servers,2,2199.0,0.0,4398.0,2026-03-14T22:31:00+00:00
1899,26,FR,106,Webcam HD,Accessories,3,99.0,0.0,297.0,2026-04-15T19:44:00+00:00
1900,11,ES,101,Laptop Pro,Computers,2,1299.0,0.0,2598.0,2026-04-05T00:02:00+00:00
1901,92,IT,107,Server Mini,Servers,2,2199.0,0.1,3958.2,2026-05-05T20:06:00+00:00
1902,53,DE,107,Server Mini,Servers,3,2199.0,0.05,6267.15,2026-03-29T02:00:00+00:00
1903,95,IT,102,Monitor 27,Displays,3,349.0,0.0,1047.0,2026-05-06T03:35:00+00:00
1904,76,FR,107,Server Mini,Servers,3,2199.0,0.0,6597.0,2026-02-06T03:58:00+00:00
1905,11,ES,104,Mouse,Accessories,3,49.0,0.0,147.0,2026-03-13T15:12:00+00:00
1906,49,BE,107,Server Mini,Servers,5,2199.0,0.0,10995.0,2026-01-04T18:35:00+00:00
1907,3,BE,105,Dock USB-C,Accessories,5,159.0,0.0,795.0,2026-06-15T02:03:00+00:00
1908,12,ES,104,Mouse,Accessories,2,49.0,0.0,98.0,2026-05-08T15:51:00+00:00
1909,22,ES,101,Laptop Pro,Computers,4,1299.0,0.1,4676.4,2026-03-20T01:54:00+00:00
1910,77,DE,103,Keyboard,Accessories,2,79.0,0.0,158.0,2026-03-08T23:28:00+00:00
1911,22,ES,105,Dock USB-C,Accessories,1,159.0,0.0,159.0,2026-05-11T19:32:00+00:00
1912,68,IT,104,Mouse,Accessories,4,49.0,0.05,186.2,2026-01-22T13:47:00+00:00
1913,29,ES,106,Webcam HD,Accessories,2,99.0,0.0,198.0,2026-06-22T05:21:00+00:00
1914,35,DE,103,Keyboard,Accessories,4,79.0,0.05,300.2,2026-01-24T16:50:00+00:00
1915,56,DE,107,Server Mini,Servers,2,2199.0,0.1,3958.2,2026-02-09T05:49:00+00:00
1916,37,BE,106,Webcam HD,Accessories,2,99.0,0.05,188.1,2026-02-02T20:02:00+00:00
1917,53,DE,107,Server Mini,Servers,2,2199.0,0.0,4398.0,2026-02-22T19:52:00+00:00
1918,34,DE,102,Monitor 27,Displays,5,349.0,0.05,1657.75,2026-06-15T04:10:00+00:00
1919,32,FR,103,Keyboard,Accessories,5,79.0,0.05,375.25,2026-01-16T14:35:00+00:00
1920,2,DE,104,Mouse,Accessories,2,49.0,0.0,98.0,2026-05-07T03:51:00+00:00
1921,51,IT,106,Webcam HD,Accessories,2,99.0,0.05,188.1,2026-05-09T23:16:00+00:00
1922,55,ES,106,Webcam HD,Accessories,5,99.0,0.0,495.0,2026-01-14T07:11:00+00:00
1923,13,BE,105,Dock USB-C,Accessories,1,159.0,0.0,159.0,2026-03-02T14:17:00+00:00
1924,31,BE,104,Mouse,Accessories,3,49.0,0.1,132.3,2026-06-20T23:57:00+00:00
1925,86,DE,107,Server Mini,Servers,5,2199.0,0.0,10995.0,2026-01-01T23:25:00+00:00
1926,33,FR,105,Dock USB-C,Accessories,5,159.0,0.05,755.25,2026-02-25T01:40:00+00:00
1927,51,IT,106,Webcam HD,Accessories,3,99.0,0.0,297.0,2026-06-12T10:11:00+00:00
1928,72,ES,101,Laptop Pro,Computers,5,1299.0,0.0,6495.0,2026-02-17T09:13:00+00:00
1929,22,ES,105,Dock USB-C,Accessories,4,159.0,0.0,636.0,2026-06-09T19:35:00+00:00
1930,60,BE,102,Monitor 27,Displays,1,349.0,0.0,349.0,2026-05-10T07:09:00+00:00
1931,68,IT,104,Mouse,Accessories,2,49.0,0.0,98.0,2026-01-22T06:29:00+00:00
1932,41,BE,101,Laptop Pro,Computers,2,1299.0,0.05,2468.1,2026-06-08T16:25:00+00:00
1933,36,DE,106,Webcam HD,Accessories,3,99.0,0.05,282.15,2026-02-21T12:07:00+00:00
1934,34,DE,105,Dock USB-C,Accessories,3,159.0,0.1,429.3,2026-02-26T23:33:00+00:00
1935,56,DE,102,Monitor 27,Displays,3,349.0,0.05,994.65,2026-05-20T00:32:00+00:00
1936,20,IT,105,Dock USB-C,Accessories,4,159.0,0.0,636.0,2026-02-04T09:24:00+00:00
1937,20,IT,101,Laptop Pro,Computers,2,1299.0,0.0,2598.0,2026-01-07T12:41:00+00:00
1938,61,IT,103,Keyboard,Accessories,2,79.0,0.05,150.1,2026-03-21T10:47:00+00:00
1939,15,FR,104,Mouse,Accessories,1,49.0,0.05,46.55,2026-03-06T21:39:00+00:00
1940,91,FR,105,Dock USB-C,Accessories,4,159.0,0.05,604.2,2026-03-31T17:53:00+00:00
1941,15,FR,107,Server Mini,Servers,2,2199.0,0.0,4398.0,2026-03-05T15:26:00+00:00
1942,12,ES,102,Monitor 27,Displays,3,349.0,0.0,1047.0,2026-06-01T23:58:00+00:00
1943,22,ES,106,Webcam HD,Accessories,5,99.0,0.0,495.0,2026-04-13T12:51:00+00:00
1944,85,FR,105,Dock USB-C,Accessories,2,159.0,0.1,286.2,2026-01-01T18:01:00+00:00
1945,68,IT,107,Server Mini,Servers,5,2199.0,0.0,10995.0,2026-03-17T19:21:00+00:00
1946,10,ES,102,Monitor 27,Displays,4,349.0,0.0,1396.0,2026-06-11T12:58:00+00:00
1947,43,DE,101,Laptop Pro,Computers,3,1299.0,0.0,3897.0,2026-03-13T18:09:00+00:00
1948,48,DE,105,Dock USB-C,Accessories,1,159.0,0.0,159.0,2026-01-28T23:51:00+00:00
1949,4,FR,101,Laptop Pro,Computers,4,1299.0,0.05,4936.2,2026-03-24T15:47:00+00:00
1950,81,ES,103,Keyboard,Accessories,5,79.0,0.0,395.0,2026-03-01T23:17:00+00:00
1951,6,ES,106,Webcam HD,Accessories,5,99.0,0.05,470.25,2026-03-01T03:34:00+00:00
1952,94,BE,106,Webcam HD,Accessories,5,99.0,0.0,495.0,2026-02-08T11:28:00+00:00
1953,7,FR,107,Server Mini,Servers,3,2199.0,0.0,6597.0,2026-05-26T07:09:00+00:00
1954,8,FR,106,Webcam HD,Accessories,1,99.0,0.1,89.1,2026-06-23T06:54:00+00:00
1955,78,BE,104,Mouse,Accessories,1,49.0,0.05,46.55,2026-02-16T10:49:00+00:00
1956,23,FR,102,Monitor 27,Displays,4,349.0,0.0,1396.0,2026-01-04T17:37:00+00:00
1957,27,DE,102,Monitor 27,Displays,4,349.0,0.05,1326.2,2026-02-21T20:54:00+00:00
1958,83,DE,107,Server Mini,Servers,2,2199.0,0.0,4398.0,2026-02-24T08:22:00+00:00
1959,63,BE,107,Server Mini,Servers,4,2199.0,0.0,8796.0,2026-06-14T12:28:00+00:00
1960,88,DE,105,Dock USB-C,Accessories,2,159.0,0.0,318.0,2026-05-02T03:42:00+00:00
1961,13,BE,107,Server Mini,Servers,3,2199.0,0.1,5937.3,2026-02-06T09:15:00+00:00
1962,63,BE,104,Mouse,Accessories,4,49.0,0.05,186.2,2026-02-18T21:00:00+00:00
1963,73,DE,105,Dock USB-C,Accessories,4,159.0,0.0,636.0,2026-05-18T17:09:00+00:00
1964,55,ES,107,Server Mini,Servers,3,2199.0,0.1,5937.3,2026-02-03T22:12:00+00:00
1965,56,DE,106,Webcam HD,Accessories,4,99.0,0.0,396.0,2026-01-08T08:40:00+00:00
1966,66,FR,103,Keyboard,Accessories,4,79.0,0.0,316.0,2026-04-28T21:27:00+00:00
1967,88,DE,106,Webcam HD,Accessories,2,99.0,0.05,188.1,2026-04-06T23:42:00+00:00
1968,81,ES,106,Webcam HD,Accessories,5,99.0,0.0,495.0,2026-02-22T22:06:00+00:00
1969,60,BE,104,Mouse,Accessories,1,49.0,0.05,46.55,2026-02-24T16:26:00+00:00
1970,20,IT,102,Monitor 27,Displays,3,349.0,0.0,1047.0,2026-04-06T05:25:00+00:00
1971,55,ES,103,Keyboard,Accessories,5,79.0,0.0,395.0,2026-04-11T07:19:00+00:00
1972,10,ES,101,Laptop Pro,Computers,5,1299.0,0.0,6495.0,2026-04-03T23:04:00+00:00
1973,55,ES,104,Mouse,Accessories,1,49.0,0.05,46.55,2026-05-01T07:19:00+00:00
1974,93,ES,105,Dock USB-C,Accessories,3,159.0,0.0,477.0,2026-02-16T09:30:00+00:00
1975,75,BE,101,Laptop Pro,Computers,5,1299.0,0.0,6495.0,2026-01-21T17:47:00+00:00
1976,95,IT,106,Webcam HD,Accessories,4,99.0,0.0,396.0,2026-05-24T02:51:00+00:00
1977,24,IT,107,Server Mini,Servers,4,2199.0,0.0,8796.0,2026-01-16T03:54:00+00:00
1978,54,BE,106,Webcam HD,Accessories,3,99.0,0.0,297.0,2026-04-17T21:33:00+00:00
1979,93,ES,104,Mouse,Accessories,4,49.0,0.1,176.4,2026-05-28T01:28:00+00:00
1980,34,DE,103,Keyboard,Accessories,2,79.0,0.0,158.0,2026-02-03T16:39:00+00:00
1981,11,ES,106,Webcam HD,Accessories,5,99.0,0.0,495.0,2026-06-08T16:08:00+00:00
1982,87,FR,101,Laptop Pro,Computers,4,1299.0,0.1,4676.4,2026-01-04T06:16:00+00:00
1983,1,FR,104,Mouse,Accessories,1,49.0,0.0,49.0,2026-02-01T06:19:00+00:00
1984,84,ES,104,Mouse,Accessories,4,49.0,0.05,186.2,2026-06-08T03:45:00+00:00
1985,85,FR,106,Webcam HD,Accessories,5,99.0,0.05,470.25,2026-02-25T02:57:00+00:00
1986,80,DE,107,Server Mini,Servers,5,2199.0,0.0,10995.0,2026-05-06T17:32:00+00:00
1987,87,FR,106,Webcam HD,Accessories,4,99.0,0.0,396.0,2026-01-16T22:53:00+00:00
1988,17,DE,102,Monitor 27,Displays,1,349.0,0.0,349.0,2026-01-21T08:57:00+00:00
1989,3,BE,106,Webcam HD,Accessories,2,99.0,0.0,198.0,2026-02-08T02:08:00+00:00
1990,62,FR,106,Webcam HD,Accessories,2,99.0,0.0,198.0,2026-03-21T07:59:00+00:00
1991,81,ES,107,Server Mini,Servers,5,2199.0,0.0,10995.0,2026-01-16T16:08:00+00:00
1992,39,FR,107,Server Mini,Servers,4,2199.0,0.0,8796.0,2026-03-28T06:53:00+00:00
1993,55,ES,101,Laptop Pro,Computers,1,1299.0,0.0,1299.0,2026-06-14T06:42:00+00:00
1994,20,IT,106,Webcam HD,Accessories,4,99.0,0.05,376.2,2026-03-27T19:58:00+00:00
1995,3,BE,107,Server Mini,Servers,4,2199.0,0.1,7916.4,2026-02-14T04:03:00+00:00
1996,26,FR,103,Keyboard,Accessories,5,79.0,0.05,375.25,2026-01-10T06:28:00+00:00
1997,43,DE,101,Laptop Pro,Computers,1,1299.0,0.05,1234.05,2026-03-17T16:09:00+00:00
1998,64,BE,106,Webcam HD,Accessories,5,99.0,0.1,445.5,2026-05-14T02:07:00+00:00
1999,71,FR,103,Keyboard,Accessories,1,79.0,0.05,75.05,2026-03-14T18:13:00+00:00
2000,63,BE,105,Dock USB-C,Accessories,5,159.0,0.1,715.5,2026-06-20T06:18:00+00:00
